case_id,image_path,mask_path,label,image_type
1a16mu,1a16mu\1a16mu_orig.jpg,,0,original
1a16mu,1a16mu\c8t64te_0.jpg,1a16mu\c8t64te_0_mask.png,1,tampered
1a16mu,1a16mu\c8t9rsw_0.jpg,1a16mu\c8t9rsw_0_mask.png,1,tampered
1a1ogs,1a1ogs\1a1ogs_orig.jpg,,0,original
1a1ogs,1a1ogs\c8tf5mq_0.png,1a1ogs\c8tf5mq_0_mask.png,1,tampered
1a41rr,1a41rr\1a41rr_orig.jpg,,0,original
1a41rr,1a41rr\c8ty2bs_0.jpg,1a41rr\c8ty2bs_0_mask.png,1,tampered
1a41rr,1a41rr\c8tzqf0_0.jpg,1a41rr\c8tzqf0_0_mask.png,1,tampered
1a4zdz,1a4zdz\1a4zdz_orig.jpg,,0,original
1a4zdz,1a4zdz\c8u86mv_0.jpg,1a4zdz\c8u86mv_0_mask.png,1,tampered
1a4zdz,1a4zdz\c8uaap3_0.jpg,1a4zdz\c8uaap3_0_mask.png,1,tampered
1a4zdz,1a4zdz\c8uaesm_0.jpg,1a4zdz\c8uaesm_0_mask.png,1,tampered
1a4zdz,1a4zdz\c8ubux0_0.jpg,1a4zdz\c8ubux0_0_mask.png,1,tampered
1a4zdz,1a4zdz\c8ucm3b_0.jpg,1a4zdz\c8ucm3b_0_mask.png,1,tampered
1a4zdz,1a4zdz\c8uf70a_0.jpg,1a4zdz\c8uf70a_0_mask.png,1,tampered
1a5h1p,1a5h1p\1a5h1p_orig.jpg,,0,original
1a5h1p,1a5h1p\c8ua0at_0.jpg,1a5h1p\c8ua0at_0_mask.png,1,tampered
1a5h1p,1a5h1p\c8uc2z3_0.jpg,1a5h1p\c8uc2z3_0_mask.png,1,tampered
1a5h1p,1a5h1p\c8ue2m3_0.jpg,1a5h1p\c8ue2m3_0_mask.png,1,tampered
1a5x44,1a5x44\1a5x44_orig.jpg,,0,original
1a5x44,1a5x44\c8uefj0_0.jpg,1a5x44\c8uefj0_0_mask.png,1,tampered
1a5x44,1a5x44\c8ufqah_0.png,1a5x44\c8ufqah_0_mask.png,1,tampered
1a5x44,1a5x44\c8ufr4g_0.jpg,1a5x44\c8ufr4g_0_mask.png,1,tampered
1a5x44,1a5x44\c8uiddx_0.png,1a5x44\c8uiddx_0_mask.png,1,tampered
1a5x44,1a5x44\c8uiv5e_0.jpg,1a5x44\c8uiv5e_0_mask.png,1,tampered
1a6upj,1a6upj\1a6upj_orig.jpg,,0,original
1a6upj,1a6upj\c8umnyd_0.jpg,1a6upj\c8umnyd_0_mask.png,1,tampered
1a6upj,1a6upj\c8uopdm_0.jpg,1a6upj\c8uopdm_0_mask.png,1,tampered
1a84zh,1a84zh\1a84zh_orig.jpg,,0,original
1a84zh,1a84zh\c8v1094_0.png,1a84zh\c8v1094_0_mask.png,1,tampered
1a84zh,1a84zh\c8v26qj_0.png,1a84zh\c8v26qj_0_mask.png,1,tampered
1a84zh,1a84zh\c8v3tc5_0.png,1a84zh\c8v3tc5_0_mask.png,1,tampered
1a84zh,1a84zh\c8v3xty_0.jpg,1a84zh\c8v3xty_0_mask.png,1,tampered
1a84zh,1a84zh\c8v70y3_0.png,1a84zh\c8v70y3_0_mask.png,1,tampered
1a8jd2,1a8jd2\1a8jd2_orig.jpg,,0,original
1a8jd2,1a8jd2\c8v2pbm_0.jpg,1a8jd2\c8v2pbm_0_mask.png,1,tampered
1a8jd2,1a8jd2\c8v2xno_0.jpg,1a8jd2\c8v2xno_0_mask.png,1,tampered
1a8jd2,1a8jd2\c8v5c8j_0.jpg,1a8jd2\c8v5c8j_0_mask.png,1,tampered
1a9l4s,1a9l4s\1a9l4s_orig.jpg,,0,original
1a9l4s,1a9l4s\c8vcovx_0.jpg,1a9l4s\c8vcovx_0_mask.png,1,tampered
1a9l4s,1a9l4s\c8vemkb_0.jpg,1a9l4s\c8vemkb_0_mask.png,1,tampered
1a9l4s,1a9l4s\c8venih_0.jpg,1a9l4s\c8venih_0_mask.png,1,tampered
1a9l4s,1a9l4s\c8vepqy_0.jpg,1a9l4s\c8vepqy_0_mask.png,1,tampered
1a9l4s,1a9l4s\c8vf42i_0.jpg,1a9l4s\c8vf42i_0_mask.png,1,tampered
1a9l4s,1a9l4s\c8vfd6x_0.jpg,1a9l4s\c8vfd6x_0_mask.png,1,tampered
1a9l4s,1a9l4s\c8vjlk1_0.jpg,1a9l4s\c8vjlk1_0_mask.png,1,tampered
1a9l4s,1a9l4s\c8voq23_0.jpg,1a9l4s\c8voq23_0_mask.png,1,tampered
1a9tss,1a9tss\1a9tss_orig.jpg,,0,original
1a9tss,1a9tss\c8vejd9_0.jpg,1a9tss\c8vejd9_0_mask.png,1,tampered
1a9tss,1a9tss\c8vi1sj_0.png,1a9tss\c8vi1sj_0_mask.png,1,tampered
1a9tss,1a9tss\c8vklwm_0.png,1a9tss\c8vklwm_0_mask.png,1,tampered
1a9tss,1a9tss\c8vm7al_0.jpg,1a9tss\c8vm7al_0_mask.png,1,tampered
1a9tss,1a9tss\c8vnyrx_0.jpg,1a9tss\c8vnyrx_0_mask.png,1,tampered
1a9tss,1a9tss\c8vqhe0_0.jpg,1a9tss\c8vqhe0_0_mask.png,1,tampered
1acw36,1acw36\1acw36_orig.jpg,,0,original
1acw36,1acw36\c8wantc_0.jpg,1acw36\c8wantc_0_mask.png,1,tampered
1acw36,1acw36\c8wbo4v_0.jpg,1acw36\c8wbo4v_0_mask.png,1,tampered
1aczjh,1aczjh\1aczjh_orig.jpg,,0,original
1aczjh,1aczjh\c8w9n2q_0.png,1aczjh\c8w9n2q_0_mask.png,1,tampered
1aczjh,1aczjh\c8wars7_0.jpg,1aczjh\c8wars7_0_mask.png,1,tampered
1ad1a0,1ad1a0\1ad1a0_orig.jpg,,0,original
1ad1a0,1ad1a0\c8wc5ln_0.png,1ad1a0\c8wc5ln_0_mask.png,1,tampered
1ad1a0,1ad1a0\c8wc6jq_0.png,1ad1a0\c8wc6jq_0_mask.png,1,tampered
1ad1a0,1ad1a0\c8wc7vs_0.jpg,1ad1a0\c8wc7vs_0_mask.png,1,tampered
1ad1a0,1ad1a0\c8wcbsq_0.jpg,1ad1a0\c8wcbsq_0_mask.png,1,tampered
1ad1a0,1ad1a0\c8wcfx9_0.jpg,1ad1a0\c8wcfx9_0_mask.png,1,tampered
1ad1a0,1ad1a0\c8wclzm_0.jpg,1ad1a0\c8wclzm_0_mask.png,1,tampered
1ad1a0,1ad1a0\c8wcodr_0.jpg,1ad1a0\c8wcodr_0_mask.png,1,tampered
1ad1a0,1ad1a0\c8wcpg5_0.png,1ad1a0\c8wcpg5_0_mask.png,1,tampered
1ad1a0,1ad1a0\c8wdsc1_0.jpg,1ad1a0\c8wdsc1_0_mask.png,1,tampered
1aeur2,1aeur2\1aeur2_orig.jpg,,0,original
1aeur2,1aeur2\c8wry2k_0.jpg,1aeur2\c8wry2k_0_mask.png,1,tampered
1aeur2,1aeur2\c8wt4r2_0.jpg,1aeur2\c8wt4r2_0_mask.png,1,tampered
1aeur2,1aeur2\c8wte77_0.jpg,1aeur2\c8wte77_0_mask.png,1,tampered
1afc31,1afc31\1afc31_orig.jpg,,0,original
1afc31,1afc31\c8wyxuh_0.jpg,1afc31\c8wyxuh_0_mask.png,1,tampered
1afcns,1afcns\1afcns_orig.jpg,,0,original
1afcns,1afcns\c8wxqdn_0.jpg,1afcns\c8wxqdn_0_mask.png,1,tampered
1afv6o,1afv6o\1afv6o_orig.jpg,,0,original
1afv6o,1afv6o\c8x27kq_0.jpg,1afv6o\c8x27kq_0_mask.png,1,tampered
1afv6o,1afv6o\c8x3rcx_0.jpg,1afv6o\c8x3rcx_0_mask.png,1,tampered
1ah0n7,1ah0n7\1ah0n7_orig.jpg,,0,original
1ah0n7,1ah0n7\c8xfpsi_0.png,1ah0n7\c8xfpsi_0_mask.png,1,tampered
1ah0n7,1ah0n7\c8xgdhj_0.jpg,1ah0n7\c8xgdhj_0_mask.png,1,tampered
1ahtfm,1ahtfm\1ahtfm_orig.jpg,,0,original
1ahtfm,1ahtfm\c8xkcsl_0.jpg,1ahtfm\c8xkcsl_0_mask.png,1,tampered
1aidqf,1aidqf\1aidqf_orig.jpg,,0,original
1aidqf,1aidqf\c8xtrds_0.jpg,1aidqf\c8xtrds_0_mask.png,1,tampered
1aidqf,1aidqf\c8xujpn_0.jpg,1aidqf\c8xujpn_0_mask.png,1,tampered
1ajtpd,1ajtpd\1ajtpd_orig.jpg,,0,original
1ajtpd,1ajtpd\c8y2qcw_0.jpg,1ajtpd\c8y2qcw_0_mask.png,1,tampered
1ajtpd,1ajtpd\c8y2vvo_0.jpg,1ajtpd\c8y2vvo_0_mask.png,1,tampered
1ajtpd,1ajtpd\c8y31sd_0.jpg,1ajtpd\c8y31sd_0_mask.png,1,tampered
1ajtpd,1ajtpd\c8y3utt_0.jpg,1ajtpd\c8y3utt_0_mask.png,1,tampered
1ajtpd,1ajtpd\c8y55d9_0.jpg,1ajtpd\c8y55d9_0_mask.png,1,tampered
1ajtpd,1ajtpd\c8y5f1t_0.jpg,1ajtpd\c8y5f1t_0_mask.png,1,tampered
1ajtpd,1ajtpd\c8y9zbo_0.jpg,1ajtpd\c8y9zbo_0_mask.png,1,tampered
1ajtpd,1ajtpd\c8yaujz_0.jpg,1ajtpd\c8yaujz_0_mask.png,1,tampered
1ajtpd,1ajtpd\c8yb71t_0.jpg,1ajtpd\c8yb71t_0_mask.png,1,tampered
1ajtpd,1ajtpd\c8ybsvm_0.png,1ajtpd\c8ybsvm_0_mask.png,1,tampered
1ajtpd,1ajtpd\c8yc2ry_0.jpg,1ajtpd\c8yc2ry_0_mask.png,1,tampered
1ajtpd,1ajtpd\c8ydsfu_0.jpg,1ajtpd\c8ydsfu_0_mask.png,1,tampered
1ajtpd,1ajtpd\c8ye71b_0.jpg,1ajtpd\c8ye71b_0_mask.png,1,tampered
1al0z1,1al0z1\1al0z1_orig.jpg,,0,original
1al0z1,1al0z1\c8yea0e_0.jpg,1al0z1\c8yea0e_0_mask.png,1,tampered
1al0z1,1al0z1\c8yhi3a_0.jpg,1al0z1\c8yhi3a_0_mask.png,1,tampered
1al8bl,1al8bl\1al8bl_orig.jpg,,0,original
1al8bl,1al8bl\c8yfhte_0.jpg,1al8bl\c8yfhte_0_mask.png,1,tampered
1alcdm,1alcdm\1alcdm_orig.jpg,,0,original
1alcdm,1alcdm\c8ypb15_0.jpg,1alcdm\c8ypb15_0_mask.png,1,tampered
1am7zp,1am7zp\1am7zp_orig.jpg,,0,original
1am7zp,1am7zp\c8yqawk_0.png,1am7zp\c8yqawk_0_mask.png,1,tampered
1anhg4,1anhg4\1anhg4_orig.jpg,,0,original
1anhg4,1anhg4\c8z0zg4_0.jpg,1anhg4\c8z0zg4_0_mask.png,1,tampered
1anhg4,1anhg4\c8z1qqq_0.jpg,1anhg4\c8z1qqq_0_mask.png,1,tampered
1anhg4,1anhg4\c8z1ubs_0.jpg,1anhg4\c8z1ubs_0_mask.png,1,tampered
1anhg4,1anhg4\c8z2itj_0.jpg,1anhg4\c8z2itj_0_mask.png,1,tampered
1anhg4,1anhg4\c8zf0hg_0.jpg,1anhg4\c8zf0hg_0_mask.png,1,tampered
1anq2a,1anq2a\1anq2a_orig.jpg,,0,original
1anq2a,1anq2a\c8z27jg_0.jpg,1anq2a\c8z27jg_0_mask.png,1,tampered
1anq2a,1anq2a\c8z31h1_0.jpg,1anq2a\c8z31h1_0_mask.png,1,tampered
1anq2a,1anq2a\c8z3et9_0.jpg,1anq2a\c8z3et9_0_mask.png,1,tampered
1anq2a,1anq2a\c8z3l9n_0.jpg,1anq2a\c8z3l9n_0_mask.png,1,tampered
1anq2a,1anq2a\c8z3m7v_0.jpg,1anq2a\c8z3m7v_0_mask.png,1,tampered
1anq2a,1anq2a\c8z3q6p_0.png,1anq2a\c8z3q6p_0_mask.png,1,tampered
1anq2a,1anq2a\c8z4ldo_0.jpg,1anq2a\c8z4ldo_0_mask.png,1,tampered
1anq2a,1anq2a\c8z4o30_0.jpg,1anq2a\c8z4o30_0_mask.png,1,tampered
1anq2a,1anq2a\c8z50ak_0.png,1anq2a\c8z50ak_0_mask.png,1,tampered
1anq2a,1anq2a\c8z82ta_0.jpg,1anq2a\c8z82ta_0_mask.png,1,tampered
1anq2a,1anq2a\c8zepg5_0.jpg,1anq2a\c8zepg5_0_mask.png,1,tampered
1apbp2,1apbp2\1apbp2_orig.jpg,,0,original
1apbp2,1apbp2\c8zkjgp_0.jpg,1apbp2\c8zkjgp_0_mask.png,1,tampered
1aq0f0,1aq0f0\1aq0f0_orig.jpg,,0,original
1aq0f0,1aq0f0\c8zp10g_0.jpg,1aq0f0\c8zp10g_0_mask.png,1,tampered
1aq0f0,1aq0f0\c8zv3tl_0.jpg,1aq0f0\c8zv3tl_0_mask.png,1,tampered
1aq6ym,1aq6ym\1aq6ym_orig.jpg,,0,original
1aq6ym,1aq6ym\c8zqh4c_0.jpg,1aq6ym\c8zqh4c_0_mask.png,1,tampered
1aq6ym,1aq6ym\c8zsg4j_0.jpg,1aq6ym\c8zsg4j_0_mask.png,1,tampered
1aq6ym,1aq6ym\c8zsnr4_0.png,1aq6ym\c8zsnr4_0_mask.png,1,tampered
1aq6ym,1aq6ym\c8zstoa_0.jpg,1aq6ym\c8zstoa_0_mask.png,1,tampered
1aq6ym,1aq6ym\c8zt718_0.png,1aq6ym\c8zt718_0_mask.png,1,tampered
1aq6ym,1aq6ym\c8zta7f_0.jpg,1aq6ym\c8zta7f_0_mask.png,1,tampered
1aq6ym,1aq6ym\c8ztmnk_0.jpg,1aq6ym\c8ztmnk_0_mask.png,1,tampered
1aq6ym,1aq6ym\c8zttpz_0.png,1aq6ym\c8zttpz_0_mask.png,1,tampered
1aq6ym,1aq6ym\c8ztu03_0.jpg,1aq6ym\c8ztu03_0_mask.png,1,tampered
1aq6ym,1aq6ym\c8zuhhz_0.jpg,1aq6ym\c8zuhhz_0_mask.png,1,tampered
1aq6ym,1aq6ym\c8zvzmp_0.jpg,1aq6ym\c8zvzmp_0_mask.png,1,tampered
1aq6ym,1aq6ym\c8zw8i7_0.jpg,1aq6ym\c8zw8i7_0_mask.png,1,tampered
1aq6ym,1aq6ym\c8zwpv6_0.jpg,1aq6ym\c8zwpv6_0_mask.png,1,tampered
1aq6ym,1aq6ym\c8zymv9_0.jpg,1aq6ym\c8zymv9_0_mask.png,1,tampered
1aq6ym,1aq6ym\c9026js_0.jpg,1aq6ym\c9026js_0_mask.png,1,tampered
1aq6ym,1aq6ym\c90580v_0.jpg,1aq6ym\c90580v_0_mask.png,1,tampered
1aqi3j,1aqi3j\1aqi3j_orig.jpg,,0,original
1aqi3j,1aqi3j\c8zu1fj_0.jpg,1aqi3j\c8zu1fj_0_mask.png,1,tampered
1as2hj,1as2hj\1as2hj_orig.jpg,,0,original
1as2hj,1as2hj\c908yxz_0.jpg,1as2hj\c908yxz_0_mask.png,1,tampered
1as2hj,1as2hj\c909zbe_0.jpg,1as2hj\c909zbe_0_mask.png,1,tampered
1as2hj,1as2hj\c90g2uu_0.jpg,1as2hj\c90g2uu_0_mask.png,1,tampered
1as3ai,1as3ai\1as3ai_orig.jpg,,0,original
1as3ai,1as3ai\c908vvn_0.jpg,1as3ai\c908vvn_0_mask.png,1,tampered
1as3ai,1as3ai\c90c2o3_0.jpg,1as3ai\c90c2o3_0_mask.png,1,tampered
1as3ai,1as3ai\c90c412_0.jpg,1as3ai\c90c412_0_mask.png,1,tampered
1as3ai,1as3ai\c90d7x7_0.jpg,1as3ai\c90d7x7_0_mask.png,1,tampered
1as3ai,1as3ai\c90d9fr_0.jpg,1as3ai\c90d9fr_0_mask.png,1,tampered
1as3ai,1as3ai\c90dutg_0.jpg,1as3ai\c90dutg_0_mask.png,1,tampered
1as3ai,1as3ai\c90ef5n_0.jpg,1as3ai\c90ef5n_0_mask.png,1,tampered
1as3ai,1as3ai\c90fxcd_0.jpg,1as3ai\c90fxcd_0_mask.png,1,tampered
1as3ai,1as3ai\c90hy8l_0.jpg,1as3ai\c90hy8l_0_mask.png,1,tampered
1as3ai,1as3ai\c90i4n3_0.jpg,1as3ai\c90i4n3_0_mask.png,1,tampered
1as3ai,1as3ai\c90lr6w_0.jpg,1as3ai\c90lr6w_0_mask.png,1,tampered
1as3ai,1as3ai\c90oh9u_0.jpg,1as3ai\c90oh9u_0_mask.png,1,tampered
1as9ik,1as9ik\1as9ik_orig.jpg,,0,original
1as9ik,1as9ik\c90ciwt_0.png,1as9ik\c90ciwt_0_mask.png,1,tampered
1as9ik,1as9ik\c90cmeo_0.jpg,1as9ik\c90cmeo_0_mask.png,1,tampered
1as9ik,1as9ik\c90coip_0.jpg,1as9ik\c90coip_0_mask.png,1,tampered
1as9ik,1as9ik\c90cqnr_0.jpg,1as9ik\c90cqnr_0_mask.png,1,tampered
1as9ik,1as9ik\c90dflh_0.jpg,1as9ik\c90dflh_0_mask.png,1,tampered
1as9ik,1as9ik\c90do08_0.jpg,1as9ik\c90do08_0_mask.png,1,tampered
1as9ik,1as9ik\c90eken_0.jpg,1as9ik\c90eken_0_mask.png,1,tampered
1as9ik,1as9ik\c90g14e_0.jpg,1as9ik\c90g14e_0_mask.png,1,tampered
1as9ik,1as9ik\c90nr8m_0.jpg,1as9ik\c90nr8m_0_mask.png,1,tampered
1asnfa,1asnfa\1asnfa_orig.jpg,,0,original
1asnfa,1asnfa\c90dujh_0.jpg,1asnfa\c90dujh_0_mask.png,1,tampered
1aty89,1aty89\1aty89_orig.jpg,,0,original
1aty89,1aty89\c90pv3g_0.png,1aty89\c90pv3g_0_mask.png,1,tampered
1aut4s,1aut4s\1aut4s_orig.jpg,,0,original
1aut4s,1aut4s\c90xtlr_0.png,1aut4s\c90xtlr_0_mask.png,1,tampered
1aut4s,1aut4s\c90yb6c_0.jpg,1aut4s\c90yb6c_0_mask.png,1,tampered
1aut4s,1aut4s\c90z7wb_0.png,1aut4s\c90z7wb_0_mask.png,1,tampered
1aut4s,1aut4s\c90zh16_0.jpg,1aut4s\c90zh16_0_mask.png,1,tampered
1aut4s,1aut4s\c90zhs7_0.jpg,1aut4s\c90zhs7_0_mask.png,1,tampered
1aut4s,1aut4s\c90znhl_0.jpg,1aut4s\c90znhl_0_mask.png,1,tampered
1aut4s,1aut4s\c90znpe_0.jpg,1aut4s\c90znpe_0_mask.png,1,tampered
1aut4s,1aut4s\c910bn6_0.jpg,1aut4s\c910bn6_0_mask.png,1,tampered
1aut4s,1aut4s\c910i2y_0.jpg,1aut4s\c910i2y_0_mask.png,1,tampered
1aut4s,1aut4s\c910wxp_0.jpg,1aut4s\c910wxp_0_mask.png,1,tampered
1aut4s,1aut4s\c911e7z_0.jpg,1aut4s\c911e7z_0_mask.png,1,tampered
1aut4s,1aut4s\c911vlp_0.jpg,1aut4s\c911vlp_0_mask.png,1,tampered
1aut4s,1aut4s\c912un2_0.jpg,1aut4s\c912un2_0_mask.png,1,tampered
1aut4s,1aut4s\c912yu8_0.jpg,1aut4s\c912yu8_0_mask.png,1,tampered
1aut4s,1aut4s\c9132um_0.jpg,1aut4s\c9132um_0_mask.png,1,tampered
1aut4s,1aut4s\c91338s_0.jpg,1aut4s\c91338s_0_mask.png,1,tampered
1aut4s,1aut4s\c91416c_0.jpg,1aut4s\c91416c_0_mask.png,1,tampered
1aut4s,1aut4s\c91681h_0.jpg,1aut4s\c91681h_0_mask.png,1,tampered
1aut4s,1aut4s\c9187tg_0.jpg,1aut4s\c9187tg_0_mask.png,1,tampered
1aut4s,1aut4s\c919ztm_0.jpg,1aut4s\c919ztm_0_mask.png,1,tampered
1awo2u,1awo2u\1awo2u_orig.jpg,,0,original
1awo2u,1awo2u\c91g223_0.jpg,1awo2u\c91g223_0_mask.png,1,tampered
1awq0s,1awq0s\1awq0s_orig.jpg,,0,original
1awq0s,1awq0s\c91g0zs_0.jpg,1awq0s\c91g0zs_0_mask.png,1,tampered
1awq0s,1awq0s\c91gqec_0.jpg,1awq0s\c91gqec_0_mask.png,1,tampered
1awq0s,1awq0s\c91gxlz_0.jpg,1awq0s\c91gxlz_0_mask.png,1,tampered
1awq0s,1awq0s\c91h8oi_0.jpg,1awq0s\c91h8oi_0_mask.png,1,tampered
1awq0s,1awq0s\c91hclm_0.jpg,1awq0s\c91hclm_0_mask.png,1,tampered
1awq0s,1awq0s\c91lxbv_0.jpg,1awq0s\c91lxbv_0_mask.png,1,tampered
1awxvm,1awxvm\1awxvm_orig.jpg,,0,original
1awxvm,1awxvm\c91kvfk_0.jpg,1awxvm\c91kvfk_0_mask.png,1,tampered
1awxvm,1awxvm\c91lgra_0.jpg,1awxvm\c91lgra_0_mask.png,1,tampered
1awxvm,1awxvm\c91mttb_0.png,1awxvm\c91mttb_0_mask.png,1,tampered
1awxvm,1awxvm\c91nl9x_0.jpg,1awxvm\c91nl9x_0_mask.png,1,tampered
1awxvm,1awxvm\c91o1ca_0.jpg,1awxvm\c91o1ca_0_mask.png,1,tampered
1awxvm,1awxvm\c91oecj_0.jpg,1awxvm\c91oecj_0_mask.png,1,tampered
1awxvm,1awxvm\c91ot4e_0.jpg,1awxvm\c91ot4e_0_mask.png,1,tampered
1awxvm,1awxvm\c91qncg_0.jpg,1awxvm\c91qncg_0_mask.png,1,tampered
1awxvm,1awxvm\c91t61z_0.jpg,1awxvm\c91t61z_0_mask.png,1,tampered
1ax6zq,1ax6zq\1ax6zq_orig.jpg,,0,original
1ax6zq,1ax6zq\c91o8wl_0.jpg,1ax6zq\c91o8wl_0_mask.png,1,tampered
1ax6zq,1ax6zq\c91pkp5_0.jpg,1ax6zq\c91pkp5_0_mask.png,1,tampered
1axr5s,1axr5s\1axr5s_orig.jpg,,0,original
1axr5s,1axr5s\c91s2tg_0.jpg,1axr5s\c91s2tg_0_mask.png,1,tampered
1ay6i0,1ay6i0\1ay6i0_orig.jpg,,0,original
1ay6i0,1ay6i0\c91ujvf_0.jpg,1ay6i0\c91ujvf_0_mask.png,1,tampered
1ay6i0,1ay6i0\c91wof4_0.jpg,1ay6i0\c91wof4_0_mask.png,1,tampered
1ay6i0,1ay6i0\c91x9y7_0.jpg,1ay6i0\c91x9y7_0_mask.png,1,tampered
1ay6i0,1ay6i0\c923dj8_0.jpg,1ay6i0\c923dj8_0_mask.png,1,tampered
1ayilh,1ayilh\1ayilh_orig.jpg,,0,original
1ayilh,1ayilh\c91z2wh_0.jpg,1ayilh\c91z2wh_0_mask.png,1,tampered
1azcvv,1azcvv\1azcvv_orig.jpg,,0,original
1azcvv,1azcvv\c926it4_0.jpg,1azcvv\c926it4_0_mask.png,1,tampered
1azcvv,1azcvv\c929k2x_0.jpg,1azcvv\c929k2x_0_mask.png,1,tampered
1azcvv,1azcvv\c92b5tv_0.jpg,1azcvv\c92b5tv_0_mask.png,1,tampered
1azcvv,1azcvv\c92be1o_0.jpg,1azcvv\c92be1o_0_mask.png,1,tampered
1azcvv,1azcvv\c92ebc2_0.jpg,1azcvv\c92ebc2_0_mask.png,1,tampered
1azcvv,1azcvv\c92eu2z_0.jpg,1azcvv\c92eu2z_0_mask.png,1,tampered
1azcvv,1azcvv\c92fby0_0.jpg,1azcvv\c92fby0_0_mask.png,1,tampered
1azovt,1azovt\1azovt_orig.jpg,,0,original
1azovt,1azovt\c92ansy_0.jpg,1azovt\c92ansy_0_mask.png,1,tampered
1azovt,1azovt\c92dxhr_0.jpg,1azovt\c92dxhr_0_mask.png,1,tampered
1b1pdg,1b1pdg\1b1pdg_orig.jpg,,0,original
1b1pdg,1b1pdg\c92s0oq_0.jpg,1b1pdg\c92s0oq_0_mask.png,1,tampered
1b1pdg,1b1pdg\c92s1zk_0.jpg,1b1pdg\c92s1zk_0_mask.png,1,tampered
1b1pdg,1b1pdg\c92us74_0.jpg,1b1pdg\c92us74_0_mask.png,1,tampered
1b1pdg,1b1pdg\c92vi3h_0.png,1b1pdg\c92vi3h_0_mask.png,1,tampered
1b1pdg,1b1pdg\c92vzrm_0.jpg,1b1pdg\c92vzrm_0_mask.png,1,tampered
1b1pdg,1b1pdg\c92xk95_0.jpg,1b1pdg\c92xk95_0_mask.png,1,tampered
1b1vqv,1b1vqv\1b1vqv_orig.jpg,,0,original
1b1vqv,1b1vqv\c92va3t_0.jpg,1b1vqv\c92va3t_0_mask.png,1,tampered
1b1vqv,1b1vqv\c92wjsi_0.jpg,1b1vqv\c92wjsi_0_mask.png,1,tampered
1b29hp,1b29hp\1b29hp_orig.jpg,,0,original
1b29hp,1b29hp\c930hby_0.png,1b29hp\c930hby_0_mask.png,1,tampered
1b3t1x,1b3t1x\1b3t1x_orig.jpg,,0,original
1b3t1x,1b3t1x\c93czl5_0.jpg,1b3t1x\c93czl5_0_mask.png,1,tampered
1b40l4,1b40l4\1b40l4_orig.jpg,,0,original
1b40l4,1b40l4\c93e2q1_0.png,1b40l4\c93e2q1_0_mask.png,1,tampered
1b40l4,1b40l4\c93ewwm_0.jpg,1b40l4\c93ewwm_0_mask.png,1,tampered
1b40l4,1b40l4\c93f747_0.jpg,1b40l4\c93f747_0_mask.png,1,tampered
1b40l4,1b40l4\c93ft3o_0.jpg,1b40l4\c93ft3o_0_mask.png,1,tampered
1b40l4,1b40l4\c93g8n1_0.jpg,1b40l4\c93g8n1_0_mask.png,1,tampered
1b40l4,1b40l4\c93gd4c_0.jpg,1b40l4\c93gd4c_0_mask.png,1,tampered
1b40l4,1b40l4\c93gg4y_0.png,1b40l4\c93gg4y_0_mask.png,1,tampered
1b40l4,1b40l4\c93gtrk_0.jpg,1b40l4\c93gtrk_0_mask.png,1,tampered
1b40l4,1b40l4\c93hgyn_0.jpg,1b40l4\c93hgyn_0_mask.png,1,tampered
1b40l4,1b40l4\c93i12g_0.jpg,1b40l4\c93i12g_0_mask.png,1,tampered
1b40l4,1b40l4\c93ie4w_0.jpg,1b40l4\c93ie4w_0_mask.png,1,tampered
1b40l4,1b40l4\c93is7s_0.jpg,1b40l4\c93is7s_0_mask.png,1,tampered
1b40l4,1b40l4\c93j7x2_0.jpg,1b40l4\c93j7x2_0_mask.png,1,tampered
1b40l4,1b40l4\c93l76u_0.jpg,1b40l4\c93l76u_0_mask.png,1,tampered
1b4a9x,1b4a9x\1b4a9x_orig.jpg,,0,original
1b4a9x,1b4a9x\c93hbzp_0.png,1b4a9x\c93hbzp_0_mask.png,1,tampered
1b4a9x,1b4a9x\c93hwyp_0.jpg,1b4a9x\c93hwyp_0_mask.png,1,tampered
1b4a9x,1b4a9x\c93idi8_0.jpg,1b4a9x\c93idi8_0_mask.png,1,tampered
1b4a9x,1b4a9x\c93ls41_0.jpg,1b4a9x\c93ls41_0_mask.png,1,tampered
1b4a9x,1b4a9x\c93me8y_0.png,1b4a9x\c93me8y_0_mask.png,1,tampered
1b4a9x,1b4a9x\c93mz9d_0.jpg,1b4a9x\c93mz9d_0_mask.png,1,tampered
1b4knn,1b4knn\1b4knn_orig.jpg,,0,original
1b4knn,1b4knn\c93k770_0.jpg,1b4knn\c93k770_0_mask.png,1,tampered
1b4knn,1b4knn\c93kbyf_0.jpg,1b4knn\c93kbyf_0_mask.png,1,tampered
1b506d,1b506d\1b506d_orig.jpg,,0,original
1b506d,1b506d\c93p653_0.jpg,1b506d\c93p653_0_mask.png,1,tampered
1b68xn,1b68xn\1b68xn_orig.jpg,,0,original
1b68xn,1b68xn\c93z6zn_0.jpg,1b68xn\c93z6zn_0_mask.png,1,tampered
1b68xn,1b68xn\c93zetz_0.jpg,1b68xn\c93zetz_0_mask.png,1,tampered
1b68xn,1b68xn\c940xti_0.jpg,1b68xn\c940xti_0_mask.png,1,tampered
1b68xn,1b68xn\c944h7f_0.png,1b68xn\c944h7f_0_mask.png,1,tampered
1b68xn,1b68xn\c946fyh_0.jpg,1b68xn\c946fyh_0_mask.png,1,tampered
1b68xn,1b68xn\c9471hz_0.jpg,1b68xn\c9471hz_0_mask.png,1,tampered
1b68xn,1b68xn\c9479yq_0.jpg,1b68xn\c9479yq_0_mask.png,1,tampered
1b68xn,1b68xn\c947jvq_0.png,1b68xn\c947jvq_0_mask.png,1,tampered
1b68xn,1b68xn\c948ak3_0.png,1b68xn\c948ak3_0_mask.png,1,tampered
1b68xn,1b68xn\c948hfr_0.jpg,1b68xn\c948hfr_0_mask.png,1,tampered
1b68xn,1b68xn\c949n9f_0.jpg,1b68xn\c949n9f_0_mask.png,1,tampered
1b68xn,1b68xn\c94amkh_0.png,1b68xn\c94amkh_0_mask.png,1,tampered
1b68xn,1b68xn\c94cmpk_0.jpg,1b68xn\c94cmpk_0_mask.png,1,tampered
1b68xn,1b68xn\c94ctu2_0.jpg,1b68xn\c94ctu2_0_mask.png,1,tampered
1b68xn,1b68xn\c94ddtu_0.jpg,1b68xn\c94ddtu_0_mask.png,1,tampered
1b68xn,1b68xn\c94ei0s_0.jpg,1b68xn\c94ei0s_0_mask.png,1,tampered
1b68xn,1b68xn\c94epq9_0.jpg,1b68xn\c94epq9_0_mask.png,1,tampered
1b6yyc,1b6yyc\1b6yyc_orig.jpg,,0,original
1b6yyc,1b6yyc\c9482ja_0.jpg,1b6yyc\c9482ja_0_mask.png,1,tampered
1b6yyc,1b6yyc\c948lks_0.jpg,1b6yyc\c948lks_0_mask.png,1,tampered
1b6yyc,1b6yyc\c949b58_0.jpg,1b6yyc\c949b58_0_mask.png,1,tampered
1b6yyc,1b6yyc\c949vtj_0.png,1b6yyc\c949vtj_0_mask.png,1,tampered
1b6yyc,1b6yyc\c949wvr_0.jpg,1b6yyc\c949wvr_0_mask.png,1,tampered
1b6yyc,1b6yyc\c949yvb_0.jpg,1b6yyc\c949yvb_0_mask.png,1,tampered
1b6yyc,1b6yyc\c94b087_0.jpg,1b6yyc\c94b087_0_mask.png,1,tampered
1b6yyc,1b6yyc\c94bbxr_0.jpg,1b6yyc\c94bbxr_0_mask.png,1,tampered
1b6yyc,1b6yyc\c94cpfe_0.jpg,1b6yyc\c94cpfe_0_mask.png,1,tampered
1b7ua0,1b7ua0\1b7ua0_orig.jpg,,0,original
1b7ua0,1b7ua0\c94ejp7_0.jpg,1b7ua0\c94ejp7_0_mask.png,1,tampered
1b7ua0,1b7ua0\c94f1jd_0.jpg,1b7ua0\c94f1jd_0_mask.png,1,tampered
1b7ua0,1b7ua0\c94fett_0.jpg,1b7ua0\c94fett_0_mask.png,1,tampered
1b7ua0,1b7ua0\c94frqx_0.jpg,1b7ua0\c94frqx_0_mask.png,1,tampered
1b7ua0,1b7ua0\c94fusp_0.jpg,1b7ua0\c94fusp_0_mask.png,1,tampered
1b7ua0,1b7ua0\c94gj9u_0.jpg,1b7ua0\c94gj9u_0_mask.png,1,tampered
1b7ua0,1b7ua0\c94i3fa_0.png,1b7ua0\c94i3fa_0_mask.png,1,tampered
1b7ua0,1b7ua0\c94kqhs_0.jpg,1b7ua0\c94kqhs_0_mask.png,1,tampered
1b7ua0,1b7ua0\c94l7xc_0.jpg,1b7ua0\c94l7xc_0_mask.png,1,tampered
1b7ua0,1b7ua0\c94m47r_0.jpg,1b7ua0\c94m47r_0_mask.png,1,tampered
1b8r7b,1b8r7b\1b8r7b_orig.jpg,,0,original
1b8r7b,1b8r7b\c94nt6e_0.jpg,1b8r7b\c94nt6e_0_mask.png,1,tampered
1b8r7b,1b8r7b\c94nvm9_0.jpg,1b8r7b\c94nvm9_0_mask.png,1,tampered
1b8r7b,1b8r7b\c94o4hp_0.jpg,1b8r7b\c94o4hp_0_mask.png,1,tampered
1b8r7b,1b8r7b\c94o5rb_0.jpg,1b8r7b\c94o5rb_0_mask.png,1,tampered
1b8r7b,1b8r7b\c94o928_0.jpg,1b8r7b\c94o928_0_mask.png,1,tampered
1b8r7b,1b8r7b\c94objl_0.jpg,1b8r7b\c94objl_0_mask.png,1,tampered
1b8r7b,1b8r7b\c94obyg_0.jpg,1b8r7b\c94obyg_0_mask.png,1,tampered
1b8r7b,1b8r7b\c94odrd_0.jpg,1b8r7b\c94odrd_0_mask.png,1,tampered
1b8r7b,1b8r7b\c94og9i_0.jpg,1b8r7b\c94og9i_0_mask.png,1,tampered
1b8r7b,1b8r7b\c94ol6h_0.jpg,1b8r7b\c94ol6h_0_mask.png,1,tampered
1b8r7b,1b8r7b\c94onxp_0.jpg,1b8r7b\c94onxp_0_mask.png,1,tampered
1b8r7b,1b8r7b\c94os8l_0.jpg,1b8r7b\c94os8l_0_mask.png,1,tampered
1b8r7b,1b8r7b\c94otp8_0.png,1b8r7b\c94otp8_0_mask.png,1,tampered
1b8r7b,1b8r7b\c94ouih_0.jpg,1b8r7b\c94ouih_0_mask.png,1,tampered
1b8r7b,1b8r7b\c94ov3d_0.png,1b8r7b\c94ov3d_0_mask.png,1,tampered
1b8r7b,1b8r7b\c94ovkm_0.jpg,1b8r7b\c94ovkm_0_mask.png,1,tampered
1b8r7b,1b8r7b\c94oxzj_0.jpg,1b8r7b\c94oxzj_0_mask.png,1,tampered
1b8r7b,1b8r7b\c94oyfj_0.jpg,1b8r7b\c94oyfj_0_mask.png,1,tampered
1b8r7b,1b8r7b\c94p9wa_0.jpg,1b8r7b\c94p9wa_0_mask.png,1,tampered
1b8r7b,1b8r7b\c94pe6g_0.jpg,1b8r7b\c94pe6g_0_mask.png,1,tampered
1b8r7b,1b8r7b\c94pnq5_0.jpg,1b8r7b\c94pnq5_0_mask.png,1,tampered
1b8r7b,1b8r7b\c94psva_0.jpg,1b8r7b\c94psva_0_mask.png,1,tampered
1b8r7b,1b8r7b\c94psxr_0.jpg,1b8r7b\c94psxr_0_mask.png,1,tampered
1b8r7b,1b8r7b\c94pvw7_0.jpg,1b8r7b\c94pvw7_0_mask.png,1,tampered
1b8r7b,1b8r7b\c94pw6i_0.png,1b8r7b\c94pw6i_0_mask.png,1,tampered
1b8r7b,1b8r7b\c94q3kl_0.jpg,1b8r7b\c94q3kl_0_mask.png,1,tampered
1b8r7b,1b8r7b\c94q8ji_0.jpg,1b8r7b\c94q8ji_0_mask.png,1,tampered
1b8r7b,1b8r7b\c94qgem_0.jpg,1b8r7b\c94qgem_0_mask.png,1,tampered
1b8r7b,1b8r7b\c94qh20_0.jpg,1b8r7b\c94qh20_0_mask.png,1,tampered
1b8r7b,1b8r7b\c94qp39_0.jpg,1b8r7b\c94qp39_0_mask.png,1,tampered
1b8r7b,1b8r7b\c94r82x_0.jpg,1b8r7b\c94r82x_0_mask.png,1,tampered
1b8r7b,1b8r7b\c94rqra_0.jpg,1b8r7b\c94rqra_0_mask.png,1,tampered
1b8r7b,1b8r7b\c94rx11_0.jpg,1b8r7b\c94rx11_0_mask.png,1,tampered
1b8r7b,1b8r7b\c94s1ue_0.jpg,1b8r7b\c94s1ue_0_mask.png,1,tampered
1b8r7b,1b8r7b\c94s6nu_0.jpg,1b8r7b\c94s6nu_0_mask.png,1,tampered
1b8r7b,1b8r7b\c94scmh_0.jpg,1b8r7b\c94scmh_0_mask.png,1,tampered
1b8r7b,1b8r7b\c94soye_0.png,1b8r7b\c94soye_0_mask.png,1,tampered
1b8r7b,1b8r7b\c94t7en_0.jpg,1b8r7b\c94t7en_0_mask.png,1,tampered
1b8r7b,1b8r7b\c94tbw3_0.jpg,1b8r7b\c94tbw3_0_mask.png,1,tampered
1b8r7b,1b8r7b\c94ueeu_0.jpg,1b8r7b\c94ueeu_0_mask.png,1,tampered
1b8r7b,1b8r7b\c94vd78_0.jpg,1b8r7b\c94vd78_0_mask.png,1,tampered
1b8r7b,1b8r7b\c94waqq_0.jpg,1b8r7b\c94waqq_0_mask.png,1,tampered
1b8r7b,1b8r7b\c94xgw2_0.jpg,1b8r7b\c94xgw2_0_mask.png,1,tampered
1b921i,1b921i\1b921i_orig.jpg,,0,original
1b921i,1b921i\c94s183_0.jpg,1b921i\c94s183_0_mask.png,1,tampered
1b921i,1b921i\c94vln6_0.jpg,1b921i\c94vln6_0_mask.png,1,tampered
1b9l65,1b9l65\1b9l65_orig.jpg,,0,original
1b9l65,1b9l65\c94xd3q_0.jpg,1b9l65\c94xd3q_0_mask.png,1,tampered
1b9l65,1b9l65\c94ygpb_0.jpg,1b9l65\c94ygpb_0_mask.png,1,tampered
1b9lyb,1b9lyb\1b9lyb_orig.jpg,,0,original
1b9lyb,1b9lyb\c94vpjk_0.jpg,1b9lyb\c94vpjk_0_mask.png,1,tampered
1b9lyb,1b9lyb\c94zspt_0.jpg,1b9lyb\c94zspt_0_mask.png,1,tampered
1b9qko,1b9qko\1b9qko_orig.jpg,,0,original
1b9qko,1b9qko\c951j7v_0.jpg,1b9qko\c951j7v_0_mask.png,1,tampered
1bafx4,1bafx4\1bafx4_orig.jpg,,0,original
1bafx4,1bafx4\c956l7o_0.png,1bafx4\c956l7o_0_mask.png,1,tampered
1bafx4,1bafx4\c957x7p_0.jpg,1bafx4\c957x7p_0_mask.png,1,tampered
1bajww,1bajww\1bajww_orig.jpg,,0,original
1bajww,1bajww\c956eb7_0.jpg,1bajww\c956eb7_0_mask.png,1,tampered
1bajww,1bajww\c956yew_0.jpg,1bajww\c956yew_0_mask.png,1,tampered
1bajww,1bajww\c958b7f_0.jpg,1bajww\c958b7f_0_mask.png,1,tampered
1bawri,1bawri\1bawri_orig.jpg,,0,original
1bawri,1bawri\c95biez_0.jpg,1bawri\c95biez_0_mask.png,1,tampered
1bax4h,1bax4h\1bax4h_orig.jpg,,0,original
1bax4h,1bax4h\c958erg_0.jpg,1bax4h\c958erg_0_mask.png,1,tampered
1bax4h,1bax4h\c958j97_0.png,1bax4h\c958j97_0_mask.png,1,tampered
1bax4h,1bax4h\c95c3yu_0.png,1bax4h\c95c3yu_0_mask.png,1,tampered
1bax4h,1bax4h\c95gz0y_0.jpg,1bax4h\c95gz0y_0_mask.png,1,tampered
1bax4h,1bax4h\c95h4kd_0.jpg,1bax4h\c95h4kd_0_mask.png,1,tampered
1bax4h,1bax4h\c95iajl_0.jpg,1bax4h\c95iajl_0_mask.png,1,tampered
1bbmcy,1bbmcy\1bbmcy_orig.jpg,,0,original
1bbmcy,1bbmcy\c95flen_0.jpg,1bbmcy\c95flen_0_mask.png,1,tampered
1bbmcy,1bbmcy\c95hyjq_0.png,1bbmcy\c95hyjq_0_mask.png,1,tampered
1bbmcy,1bbmcy\c95kdy8_0.jpg,1bbmcy\c95kdy8_0_mask.png,1,tampered
1bbmcy,1bbmcy\c95ku3b_0.jpg,1bbmcy\c95ku3b_0_mask.png,1,tampered
1bbszb,1bbszb\1bbszb_orig.jpg,,0,original
1bbszb,1bbszb\c95gd9r_0.jpg,1bbszb\c95gd9r_0_mask.png,1,tampered
1bbszb,1bbszb\c95nmhg_0.jpg,1bbszb\c95nmhg_0_mask.png,1,tampered
1bcy4k,1bcy4k\1bcy4k_orig.jpg,,0,original
1bcy4k,1bcy4k\c95qbrf_0.jpg,1bcy4k\c95qbrf_0_mask.png,1,tampered
1bcy4k,1bcy4k\c95srb7_0.jpg,1bcy4k\c95srb7_0_mask.png,1,tampered
1bcy4k,1bcy4k\c95t0d9_0.jpg,1bcy4k\c95t0d9_0_mask.png,1,tampered
1bcy4k,1bcy4k\c95ugiv_0.jpg,1bcy4k\c95ugiv_0_mask.png,1,tampered
1bcy4k,1bcy4k\c95uufr_0.jpg,1bcy4k\c95uufr_0_mask.png,1,tampered
1bcy4k,1bcy4k\c95wc8c_0.jpg,1bcy4k\c95wc8c_0_mask.png,1,tampered
1bcy4k,1bcy4k\c95wl0v_0.jpg,1bcy4k\c95wl0v_0_mask.png,1,tampered
1bcy4k,1bcy4k\c95woiz_0.jpg,1bcy4k\c95woiz_0_mask.png,1,tampered
1bcy4k,1bcy4k\c95xmd0_0.jpg,1bcy4k\c95xmd0_0_mask.png,1,tampered
1bcy4k,1bcy4k\c95y02z_0.jpg,1bcy4k\c95y02z_0_mask.png,1,tampered
1bcy4k,1bcy4k\c95z458_0.jpg,1bcy4k\c95z458_0_mask.png,1,tampered
1bczrg,1bczrg\1bczrg_orig.jpg,,0,original
1bczrg,1bczrg\c95uyty_0.jpg,1bczrg\c95uyty_0_mask.png,1,tampered
1bfbnf,1bfbnf\1bfbnf_orig.jpg,,0,original
1bfbnf,1bfbnf\c96blfp_0.jpg,1bfbnf\c96blfp_0_mask.png,1,tampered
1bfbnf,1bfbnf\c96c40d_0.png,1bfbnf\c96c40d_0_mask.png,1,tampered
1bfbnf,1bfbnf\c96c9hk_0.jpg,1bfbnf\c96c9hk_0_mask.png,1,tampered
1bfbnf,1bfbnf\c96cbvq_0.jpg,1bfbnf\c96cbvq_0_mask.png,1,tampered
1bfbnf,1bfbnf\c96cglv_0.jpg,1bfbnf\c96cglv_0_mask.png,1,tampered
1bfbnf,1bfbnf\c96cha8_0.png,1bfbnf\c96cha8_0_mask.png,1,tampered
1bfbnf,1bfbnf\c96chir_0.jpg,1bfbnf\c96chir_0_mask.png,1,tampered
1bfbnf,1bfbnf\c96d4mq_0.jpg,1bfbnf\c96d4mq_0_mask.png,1,tampered
1bfbnf,1bfbnf\c96d5la_0.jpg,1bfbnf\c96d5la_0_mask.png,1,tampered
1bfbnf,1bfbnf\c96dfr7_0.jpg,1bfbnf\c96dfr7_0_mask.png,1,tampered
1bfbnf,1bfbnf\c96dm5n_0.jpg,1bfbnf\c96dm5n_0_mask.png,1,tampered
1bfbnf,1bfbnf\c96jvav_0.jpg,1bfbnf\c96jvav_0_mask.png,1,tampered
1bigvi,1bigvi\1bigvi_orig.jpg,,0,original
1bigvi,1bigvi\c96z6j0_0.jpg,1bigvi\c96z6j0_0_mask.png,1,tampered
1bigvi,1bigvi\c96zee9_0.jpg,1bigvi\c96zee9_0_mask.png,1,tampered
1bigvi,1bigvi\c96zxum_0.jpg,1bigvi\c96zxum_0_mask.png,1,tampered
1bigvi,1bigvi\c9705ty_0.jpg,1bigvi\c9705ty_0_mask.png,1,tampered
1bigvi,1bigvi\c970m97_0.jpg,1bigvi\c970m97_0_mask.png,1,tampered
1bigvi,1bigvi\c970mrg_0.jpg,1bigvi\c970mrg_0_mask.png,1,tampered
1bigvi,1bigvi\c970wej_0.jpg,1bigvi\c970wej_0_mask.png,1,tampered
1bigvi,1bigvi\c970x7m_0.jpg,1bigvi\c970x7m_0_mask.png,1,tampered
1bigvi,1bigvi\c9724qm_0.png,1bigvi\c9724qm_0_mask.png,1,tampered
1bigvi,1bigvi\c9729qx_0.jpg,1bigvi\c9729qx_0_mask.png,1,tampered
1bigvi,1bigvi\c972iqs_0.jpg,1bigvi\c972iqs_0_mask.png,1,tampered
1bigvi,1bigvi\c972p3n_0.jpg,1bigvi\c972p3n_0_mask.png,1,tampered
1bigvi,1bigvi\c972y81_0.jpg,1bigvi\c972y81_0_mask.png,1,tampered
1bigvi,1bigvi\c973pl2_0.png,1bigvi\c973pl2_0_mask.png,1,tampered
1bigvi,1bigvi\c978035_0.jpg,1bigvi\c978035_0_mask.png,1,tampered
1bigvi,1bigvi\c978nfj_0.png,1bigvi\c978nfj_0_mask.png,1,tampered
1bigvi,1bigvi\c979ib3_0.jpg,1bigvi\c979ib3_0_mask.png,1,tampered
1bigvi,1bigvi\c97ai36_0.png,1bigvi\c97ai36_0_mask.png,1,tampered
1bj1te,1bj1te\1bj1te_orig.jpg,,0,original
1bj1te,1bj1te\c976lta_0.jpg,1bj1te\c976lta_0_mask.png,1,tampered
1bj1te,1bj1te\c979ed6_0.jpg,1bj1te\c979ed6_0_mask.png,1,tampered
1bj1te,1bj1te\c979h5q_0.jpg,1bj1te\c979h5q_0_mask.png,1,tampered
1bj1te,1bj1te\c979s43_0.jpg,1bj1te\c979s43_0_mask.png,1,tampered
1bjy9b,1bjy9b\1bjy9b_orig.jpg,,0,original
1bjy9b,1bjy9b\c97g287_0.jpg,1bjy9b\c97g287_0_mask.png,1,tampered
1bjy9b,1bjy9b\c97gn0w_0.png,1bjy9b\c97gn0w_0_mask.png,1,tampered
1bjy9b,1bjy9b\c97jfxe_0.png,1bjy9b\c97jfxe_0_mask.png,1,tampered
1bjy9b,1bjy9b\c97l4h2_0.jpg,1bjy9b\c97l4h2_0_mask.png,1,tampered
1bjy9b,1bjy9b\c97ofea_0.jpg,1bjy9b\c97ofea_0_mask.png,1,tampered
1bk4a1,1bk4a1\1bk4a1_orig.jpg,,0,original
1bk4a1,1bk4a1\c97ffgf_0.jpg,1bk4a1\c97ffgf_0_mask.png,1,tampered
1bkkyo,1bkkyo\1bkkyo_orig.jpg,,0,original
1bkkyo,1bkkyo\c97knp0_0.jpg,1bkkyo\c97knp0_0_mask.png,1,tampered
1bkkyo,1bkkyo\c97nhib_0.png,1bkkyo\c97nhib_0_mask.png,1,tampered
1bl2e5,1bl2e5\1bl2e5_orig.jpg,,0,original
1bl2e5,1bl2e5\c97mvm4_0.jpg,1bl2e5\c97mvm4_0_mask.png,1,tampered
1bl2e5,1bl2e5\c97n72x_0.jpg,1bl2e5\c97n72x_0_mask.png,1,tampered
1bl2e5,1bl2e5\c97ot02_0.jpg,1bl2e5\c97ot02_0_mask.png,1,tampered
1bl2e5,1bl2e5\c97p12w_0.jpg,1bl2e5\c97p12w_0_mask.png,1,tampered
1bl2e5,1bl2e5\c97pbie_0.jpg,1bl2e5\c97pbie_0_mask.png,1,tampered
1bl2e5,1bl2e5\c97ub08_0.jpg,1bl2e5\c97ub08_0_mask.png,1,tampered
1bl2e5,1bl2e5\c97xpjh_0.png,1bl2e5\c97xpjh_0_mask.png,1,tampered
1bluhu,1bluhu\1bluhu_orig.jpg,,0,original
1bluhu,1bluhu\c97up6j_0.jpg,1bluhu\c97up6j_0_mask.png,1,tampered
1bluhu,1bluhu\c97vf7q_0.jpg,1bluhu\c97vf7q_0_mask.png,1,tampered
1bluhu,1bluhu\c97vlit_0.jpg,1bluhu\c97vlit_0_mask.png,1,tampered
1bluhu,1bluhu\c9876y4_0.jpg,1bluhu\c9876y4_0_mask.png,1,tampered
1bnjhf,1bnjhf\1bnjhf_orig.jpg,,0,original
1bnjhf,1bnjhf\c98aivj_0.jpg,1bnjhf\c98aivj_0_mask.png,1,tampered
1bnjhf,1bnjhf\c98el2l_0.jpg,1bnjhf\c98el2l_0_mask.png,1,tampered
1bnwrt,1bnwrt\1bnwrt_orig.jpg,,0,original
1bnwrt,1bnwrt\c98jpyg_0.jpg,1bnwrt\c98jpyg_0_mask.png,1,tampered
1bnwrt,1bnwrt\c98jxiu_0.jpg,1bnwrt\c98jxiu_0_mask.png,1,tampered
1bnwrt,1bnwrt\c98s7f2_0.jpg,1bnwrt\c98s7f2_0_mask.png,1,tampered
1boa89,1boa89\1boa89_orig.jpg,,0,original
1boa89,1boa89\c98jkof_0.jpg,1boa89\c98jkof_0_mask.png,1,tampered
1boa89,1boa89\c98jqgu_0.jpg,1boa89\c98jqgu_0_mask.png,1,tampered
1boa89,1boa89\c98lw0x_0.jpg,1boa89\c98lw0x_0_mask.png,1,tampered
1boevu,1boevu\1boevu_orig.jpg,,0,original
1boevu,1boevu\c98iwaf_0.jpg,1boevu\c98iwaf_0_mask.png,1,tampered
1boevu,1boevu\c98koeq_0.jpg,1boevu\c98koeq_0_mask.png,1,tampered
1boevu,1boevu\c98ojjv_0.jpg,1boevu\c98ojjv_0_mask.png,1,tampered
1boevu,1boevu\c98ovsv_0.jpg,1boevu\c98ovsv_0_mask.png,1,tampered
1bq750,1bq750\1bq750_orig.jpg,,0,original
1bq750,1bq750\c99303g_0.jpg,1bq750\c99303g_0_mask.png,1,tampered
1bq750,1bq750\c993kz0_0.jpg,1bq750\c993kz0_0_mask.png,1,tampered
1bq750,1bq750\c994oht_0.jpg,1bq750\c994oht_0_mask.png,1,tampered
1bq750,1bq750\c9996ea_0.jpg,1bq750\c9996ea_0_mask.png,1,tampered
1bqaw1,1bqaw1\1bqaw1_orig.jpg,,0,original
1bqaw1,1bqaw1\c990uno_0.jpg,1bqaw1\c990uno_0_mask.png,1,tampered
1bqaw1,1bqaw1\c990v3g_0.jpg,1bqaw1\c990v3g_0_mask.png,1,tampered
1bqaw1,1bqaw1\c991rvp_0.jpg,1bqaw1\c991rvp_0_mask.png,1,tampered
1bqaw1,1bqaw1\c992737_0.jpg,1bqaw1\c992737_0_mask.png,1,tampered
1bqaw1,1bqaw1\c992d5i_0.jpg,1bqaw1\c992d5i_0_mask.png,1,tampered
1bqaw1,1bqaw1\c992enl_0.jpg,1bqaw1\c992enl_0_mask.png,1,tampered
1bqaw1,1bqaw1\c993ui8_0.jpg,1bqaw1\c993ui8_0_mask.png,1,tampered
1bqaw1,1bqaw1\c994ew8_0.jpg,1bqaw1\c994ew8_0_mask.png,1,tampered
1bqaw1,1bqaw1\c99548p_0.png,1bqaw1\c99548p_0_mask.png,1,tampered
1bqaw1,1bqaw1\c995efy_0.jpg,1bqaw1\c995efy_0_mask.png,1,tampered
1bqaw1,1bqaw1\c995ny6_0.jpg,1bqaw1\c995ny6_0_mask.png,1,tampered
1bqaw1,1bqaw1\c996msq_0.jpg,1bqaw1\c996msq_0_mask.png,1,tampered
1bqaw1,1bqaw1\c9977lj_0.jpg,1bqaw1\c9977lj_0_mask.png,1,tampered
1bqaw1,1bqaw1\c99b3oc_0.jpg,1bqaw1\c99b3oc_0_mask.png,1,tampered
1bqaw1,1bqaw1\c99d1yy_0.jpg,1bqaw1\c99d1yy_0_mask.png,1,tampered
1bqaw1,1bqaw1\c99ilht_0.jpg,1bqaw1\c99ilht_0_mask.png,1,tampered
1bqcx4,1bqcx4\1bqcx4_orig.jpg,,0,original
1bqcx4,1bqcx4\c9929g3_0.jpg,1bqcx4\c9929g3_0_mask.png,1,tampered
1bqic5,1bqic5\1bqic5_orig.jpg,,0,original
1bqic5,1bqic5\c992u19_0.jpg,1bqic5\c992u19_0_mask.png,1,tampered
1bqic5,1bqic5\c993h77_0.jpg,1bqic5\c993h77_0_mask.png,1,tampered
1bqic5,1bqic5\c993qje_0.jpg,1bqic5\c993qje_0_mask.png,1,tampered
1bqic5,1bqic5\c993w8d_0.jpg,1bqic5\c993w8d_0_mask.png,1,tampered
1bqic5,1bqic5\c9948kv_0.jpg,1bqic5\c9948kv_0_mask.png,1,tampered
1bqic5,1bqic5\c9948nw_0.jpg,1bqic5\c9948nw_0_mask.png,1,tampered
1bqic5,1bqic5\c995td6_0.jpg,1bqic5\c995td6_0_mask.png,1,tampered
1bqic5,1bqic5\c9969lr_0.jpg,1bqic5\c9969lr_0_mask.png,1,tampered
1bqic5,1bqic5\c9969p0_0.jpg,1bqic5\c9969p0_0_mask.png,1,tampered
1bqic5,1bqic5\c9981l7_0.jpg,1bqic5\c9981l7_0_mask.png,1,tampered
1bqic5,1bqic5\c998fw2_0.jpg,1bqic5\c998fw2_0_mask.png,1,tampered
1bqic5,1bqic5\c998ytl_0.jpg,1bqic5\c998ytl_0_mask.png,1,tampered
1bqic5,1bqic5\c99ae5w_0.jpg,1bqic5\c99ae5w_0_mask.png,1,tampered
1bqic5,1bqic5\c99bj65_0.jpg,1bqic5\c99bj65_0_mask.png,1,tampered
1bri83,1bri83\1bri83_orig.jpg,,0,original
1bri83,1bri83\c99fjx6_0.jpg,1bri83\c99fjx6_0_mask.png,1,tampered
1bri83,1bri83\c99gb54_0.jpg,1bri83\c99gb54_0_mask.png,1,tampered
1bri83,1bri83\c99hbe0_0.jpg,1bri83\c99hbe0_0_mask.png,1,tampered
1bri83,1bri83\c99ixjq_0.jpg,1bri83\c99ixjq_0_mask.png,1,tampered
1bri83,1bri83\c99meyn_0.jpg,1bri83\c99meyn_0_mask.png,1,tampered
1bri83,1bri83\c99mhvd_0.jpg,1bri83\c99mhvd_0_mask.png,1,tampered
1brscw,1brscw\1brscw_orig.jpg,,0,original
1brscw,1brscw\c99g8d8_0.jpg,1brscw\c99g8d8_0_mask.png,1,tampered
1brscw,1brscw\c99gesu_0.jpg,1brscw\c99gesu_0_mask.png,1,tampered
1brscw,1brscw\c99grkg_0.jpg,1brscw\c99grkg_0_mask.png,1,tampered
1brscw,1brscw\c99i7gc_0.jpg,1brscw\c99i7gc_0_mask.png,1,tampered
1brscw,1brscw\c99ll0f_0.png,1brscw\c99ll0f_0_mask.png,1,tampered
1bsw3w,1bsw3w\1bsw3w_orig.jpg,,0,original
1bsw3w,1bsw3w\c99v20p_0.jpg,1bsw3w\c99v20p_0_mask.png,1,tampered
1bsw3w,1bsw3w\c99wyrv_0.jpg,1bsw3w\c99wyrv_0_mask.png,1,tampered
1bsw3w,1bsw3w\c99xlov_0.jpg,1bsw3w\c99xlov_0_mask.png,1,tampered
1bt7f3,1bt7f3\1bt7f3_orig.jpg,,0,original
1bt7f3,1bt7f3\c99utti_0.jpg,1bt7f3\c99utti_0_mask.png,1,tampered
1bt7f3,1bt7f3\c99wbld_0.jpg,1bt7f3\c99wbld_0_mask.png,1,tampered
1bt7f3,1bt7f3\c99wogs_0.jpg,1bt7f3\c99wogs_0_mask.png,1,tampered
1bt7f3,1bt7f3\c99x7l6_0.jpg,1bt7f3\c99x7l6_0_mask.png,1,tampered
1bt7f3,1bt7f3\c9a0d39_0.jpg,1bt7f3\c9a0d39_0_mask.png,1,tampered
1btpfr,1btpfr\1btpfr_orig.jpg,,0,original
1btpfr,1btpfr\c99zfgf_0.jpg,1btpfr\c99zfgf_0_mask.png,1,tampered
1btpfr,1btpfr\c99zuvu_0.jpg,1btpfr\c99zuvu_0_mask.png,1,tampered
1btpfr,1btpfr\c9a00lf_0.jpg,1btpfr\c9a00lf_0_mask.png,1,tampered
1btpfr,1btpfr\c9a06ao_0.jpg,1btpfr\c9a06ao_0_mask.png,1,tampered
1btpfr,1btpfr\c9a0df4_0.jpg,1btpfr\c9a0df4_0_mask.png,1,tampered
1btpfr,1btpfr\c9a0ogm_0.jpg,1btpfr\c9a0ogm_0_mask.png,1,tampered
1btpfr,1btpfr\c9a0u7u_0.jpg,1btpfr\c9a0u7u_0_mask.png,1,tampered
1btpfr,1btpfr\c9a0vxj_0.jpg,1btpfr\c9a0vxj_0_mask.png,1,tampered
1btpfr,1btpfr\c9a0wf8_0.jpg,1btpfr\c9a0wf8_0_mask.png,1,tampered
1btpfr,1btpfr\c9a13b5_0.jpg,1btpfr\c9a13b5_0_mask.png,1,tampered
1btpfr,1btpfr\c9a16se_0.png,1btpfr\c9a16se_0_mask.png,1,tampered
1btpfr,1btpfr\c9a2q02_0.jpg,1btpfr\c9a2q02_0_mask.png,1,tampered
1btpfr,1btpfr\c9a3qjw_0.jpg,1btpfr\c9a3qjw_0_mask.png,1,tampered
1btpfr,1btpfr\c9a43jm_0.jpg,1btpfr\c9a43jm_0_mask.png,1,tampered
1btpfr,1btpfr\c9a6u1u_0.png,1btpfr\c9a6u1u_0_mask.png,1,tampered
1btup8,1btup8\1btup8_orig.jpg,,0,original
1btup8,1btup8\c9a5zop_0.jpg,1btup8\c9a5zop_0_mask.png,1,tampered
1bur91,1bur91\1bur91_orig.jpg,,0,original
1bur91,1bur91\c9aamu4_0.jpg,1bur91\c9aamu4_0_mask.png,1,tampered
1bur91,1bur91\c9aati3_0.jpg,1bur91\c9aati3_0_mask.png,1,tampered
1bur91,1bur91\c9abrtp_0.jpg,1bur91\c9abrtp_0_mask.png,1,tampered
1bur91,1bur91\c9abx9g_0.jpg,1bur91\c9abx9g_0_mask.png,1,tampered
1bur91,1bur91\c9acbml_0.jpg,1bur91\c9acbml_0_mask.png,1,tampered
1bur91,1bur91\c9af975_0.jpg,1bur91\c9af975_0_mask.png,1,tampered
1bur91,1bur91\c9ag2ll_0.jpg,1bur91\c9ag2ll_0_mask.png,1,tampered
1bur91,1bur91\c9anple_0.jpg,1bur91\c9anple_0_mask.png,1,tampered
1buvhq,1buvhq\1buvhq_orig.jpg,,0,original
1buvhq,1buvhq\c9abglu_0.jpg,1buvhq\c9abglu_0_mask.png,1,tampered
1bvscz,1bvscz\1bvscz_orig.jpg,,0,original
1bvscz,1bvscz\c9alw3v_0.png,1bvscz\c9alw3v_0_mask.png,1,tampered
1bvscz,1bvscz\c9amlei_0.jpg,1bvscz\c9amlei_0_mask.png,1,tampered
1bvscz,1bvscz\c9an6i7_0.png,1bvscz\c9an6i7_0_mask.png,1,tampered
1bvscz,1bvscz\c9anb73_0.jpg,1bvscz\c9anb73_0_mask.png,1,tampered
1bvscz,1bvscz\c9ane75_0.jpg,1bvscz\c9ane75_0_mask.png,1,tampered
1bvscz,1bvscz\c9aq17o_0.jpg,1bvscz\c9aq17o_0_mask.png,1,tampered
1bvscz,1bvscz\c9arquy_0.jpg,1bvscz\c9arquy_0_mask.png,1,tampered
1bws7y,1bws7y\1bws7y_orig.jpg,,0,original
1bws7y,1bws7y\c9atngk_0.jpg,1bws7y\c9atngk_0_mask.png,1,tampered
1bws7y,1bws7y\c9atqpq_0.jpg,1bws7y\c9atqpq_0_mask.png,1,tampered
1bws7y,1bws7y\c9au1qa_0.jpg,1bws7y\c9au1qa_0_mask.png,1,tampered
1bx64j,1bx64j\1bx64j_orig.jpg,,0,original
1bx64j,1bx64j\c9ax2ln_0.jpg,1bx64j\c9ax2ln_0_mask.png,1,tampered
1bx64j,1bx64j\c9ayosx_0.jpg,1bx64j\c9ayosx_0_mask.png,1,tampered
1bx64j,1bx64j\c9ayp33_0.jpg,1bx64j\c9ayp33_0_mask.png,1,tampered
1bx64j,1bx64j\c9aysiu_0.jpg,1bx64j\c9aysiu_0_mask.png,1,tampered
1bx64j,1bx64j\c9az9ha_0.jpg,1bx64j\c9az9ha_0_mask.png,1,tampered
1bx64j,1bx64j\c9azgqp_0.jpg,1bx64j\c9azgqp_0_mask.png,1,tampered
1bx64j,1bx64j\c9b0gy6_0.jpg,1bx64j\c9b0gy6_0_mask.png,1,tampered
1bx64j,1bx64j\c9b0jbt_0.jpg,1bx64j\c9b0jbt_0_mask.png,1,tampered
1bx64j,1bx64j\c9b0mve_0.jpg,1bx64j\c9b0mve_0_mask.png,1,tampered
1bx64j,1bx64j\c9b0xit_0.jpg,1bx64j\c9b0xit_0_mask.png,1,tampered
1bx64j,1bx64j\c9b10e8_0.jpg,1bx64j\c9b10e8_0_mask.png,1,tampered
1bx64j,1bx64j\c9b11xy_0.jpg,1bx64j\c9b11xy_0_mask.png,1,tampered
1bx64j,1bx64j\c9b2vt4_0.jpg,1bx64j\c9b2vt4_0_mask.png,1,tampered
1bx64j,1bx64j\c9b6d4b_0.jpg,1bx64j\c9b6d4b_0_mask.png,1,tampered
1bx64j,1bx64j\c9b6ddb_0.jpg,1bx64j\c9b6ddb_0_mask.png,1,tampered
1bx64j,1bx64j\c9befb1_0.jpg,1bx64j\c9befb1_0_mask.png,1,tampered
1bz432,1bz432\1bz432_orig.jpg,,0,original
1bz432,1bz432\c9bhen2_0.jpg,1bz432\c9bhen2_0_mask.png,1,tampered
1bz432,1bz432\c9bk4ex_0.jpg,1bz432\c9bk4ex_0_mask.png,1,tampered
1bz432,1bz432\c9bldbp_0.png,1bz432\c9bldbp_0_mask.png,1,tampered
1bza2v,1bza2v\1bza2v_orig.jpg,,0,original
1bza2v,1bza2v\c9biybz_0.jpg,1bza2v\c9biybz_0_mask.png,1,tampered
1bza2v,1bza2v\c9bkfb3_0.jpg,1bza2v\c9bkfb3_0_mask.png,1,tampered
1bza2v,1bza2v\c9bld2v_0.jpg,1bza2v\c9bld2v_0_mask.png,1,tampered
1bza2v,1bza2v\c9bldch_0.jpg,1bza2v\c9bldch_0_mask.png,1,tampered
1bza2v,1bza2v\c9bly1t_0.jpg,1bza2v\c9bly1t_0_mask.png,1,tampered
1bza2v,1bza2v\c9booko_0.jpg,1bza2v\c9booko_0_mask.png,1,tampered
1bza2v,1bza2v\c9bqr3l_0.jpg,1bza2v\c9bqr3l_0_mask.png,1,tampered
1bza2v,1bza2v\c9brtmx_0.jpg,1bza2v\c9brtmx_0_mask.png,1,tampered
1bzmio,1bzmio\1bzmio_orig.jpg,,0,original
1bzmio,1bzmio\c9blqqz_0.jpg,1bzmio\c9blqqz_0_mask.png,1,tampered
1bzmio,1bzmio\c9bn0uy_0.jpg,1bzmio\c9bn0uy_0_mask.png,1,tampered
1c03j4,1c03j4\1c03j4_orig.jpg,,0,original
1c03j4,1c03j4\c9bugf8_0.jpg,1c03j4\c9bugf8_0_mask.png,1,tampered
1c055r,1c055r\1c055r_orig.jpg,,0,original
1c055r,1c055r\c9bt9ta_0.jpg,1c055r\c9bt9ta_0_mask.png,1,tampered
1c055r,1c055r\c9bttk4_0.jpg,1c055r\c9bttk4_0_mask.png,1,tampered
1c0yl5,1c0yl5\1c0yl5_orig.jpg,,0,original
1c0yl5,1c0yl5\c9bzbcq_0.jpg,1c0yl5\c9bzbcq_0_mask.png,1,tampered
1c0yl5,1c0yl5\c9c4juu_0.jpg,1c0yl5\c9c4juu_0_mask.png,1,tampered
1c1mwo,1c1mwo\1c1mwo_orig.jpg,,0,original
1c1mwo,1c1mwo\c9c75hs_0.jpg,1c1mwo\c9c75hs_0_mask.png,1,tampered
1c1mwo,1c1mwo\c9c9t84_0.jpg,1c1mwo\c9c9t84_0_mask.png,1,tampered
1c1mwo,1c1mwo\c9ca1of_0.jpg,1c1mwo\c9ca1of_0_mask.png,1,tampered
1c1mwo,1c1mwo\c9cate8_0.jpg,1c1mwo\c9cate8_0_mask.png,1,tampered
1c1mwo,1c1mwo\c9ceq9q_0.jpg,1c1mwo\c9ceq9q_0_mask.png,1,tampered
1c1mwo,1c1mwo\c9cetkp_0.png,1c1mwo\c9cetkp_0_mask.png,1,tampered
1c1mwo,1c1mwo\c9cfhhv_0.jpg,1c1mwo\c9cfhhv_0_mask.png,1,tampered
1c1mwo,1c1mwo\c9chzty_0.jpg,1c1mwo\c9chzty_0_mask.png,1,tampered
1c1mwo,1c1mwo\c9chzux_0.jpg,1c1mwo\c9chzux_0_mask.png,1,tampered
1c1mwo,1c1mwo\c9cilly_0.jpg,1c1mwo\c9cilly_0_mask.png,1,tampered
1c1mwo,1c1mwo\c9ckx05_0.jpg,1c1mwo\c9ckx05_0_mask.png,1,tampered
1c1mwo,1c1mwo\c9cm5nk_0.jpg,1c1mwo\c9cm5nk_0_mask.png,1,tampered
1c1mwo,1c1mwo\c9cml58_0.jpg,1c1mwo\c9cml58_0_mask.png,1,tampered
1c1mwo,1c1mwo\c9cqpt2_0.jpg,1c1mwo\c9cqpt2_0_mask.png,1,tampered
1c2bbr,1c2bbr\1c2bbr_orig.jpg,,0,original
1c2bbr,1c2bbr\c9ccedw_0.jpg,1c2bbr\c9ccedw_0_mask.png,1,tampered
1c2bbr,1c2bbr\c9cd7xe_0.jpg,1c2bbr\c9cd7xe_0_mask.png,1,tampered
1c2bbr,1c2bbr\c9cefz7_0.jpg,1c2bbr\c9cefz7_0_mask.png,1,tampered
1c2bbr,1c2bbr\c9ceg0w_0.jpg,1c2bbr\c9ceg0w_0_mask.png,1,tampered
1c2bbr,1c2bbr\c9cgjfv_0.jpg,1c2bbr\c9cgjfv_0_mask.png,1,tampered
1c2bbr,1c2bbr\c9chbnh_0.jpg,1c2bbr\c9chbnh_0_mask.png,1,tampered
1c2bbr,1c2bbr\c9cmtkc_0.jpg,1c2bbr\c9cmtkc_0_mask.png,1,tampered
1c2gbq,1c2gbq\1c2gbq_orig.jpg,,0,original
1c2gbq,1c2gbq\c9ceql8_0.jpg,1c2gbq\c9ceql8_0_mask.png,1,tampered
1c2gbq,1c2gbq\c9cgnm5_0.jpg,1c2gbq\c9cgnm5_0_mask.png,1,tampered
1c2gbq,1c2gbq\c9cgxt5_0.jpg,1c2gbq\c9cgxt5_0_mask.png,1,tampered
1c2ojm,1c2ojm\1c2ojm_orig.jpg,,0,original
1c2ojm,1c2ojm\c9chqo0_0.jpg,1c2ojm\c9chqo0_0_mask.png,1,tampered
1c2ojm,1c2ojm\c9cklgd_0.jpg,1c2ojm\c9cklgd_0_mask.png,1,tampered
1c2ojm,1c2ojm\c9clhtf_0.jpg,1c2ojm\c9clhtf_0_mask.png,1,tampered
1c2ojm,1c2ojm\c9clks3_0.jpg,1c2ojm\c9clks3_0_mask.png,1,tampered
1c2ojm,1c2ojm\c9clq8i_0.png,1c2ojm\c9clq8i_0_mask.png,1,tampered
1c2ojm,1c2ojm\c9cm824_0.png,1c2ojm\c9cm824_0_mask.png,1,tampered
1c2ojm,1c2ojm\c9cmdfe_0.jpg,1c2ojm\c9cmdfe_0_mask.png,1,tampered
1c2ojm,1c2ojm\c9cnjtp_0.png,1c2ojm\c9cnjtp_0_mask.png,1,tampered
1c2ojm,1c2ojm\c9cnkd2_0.jpg,1c2ojm\c9cnkd2_0_mask.png,1,tampered
1c2ojm,1c2ojm\c9cnkxl_0.jpg,1c2ojm\c9cnkxl_0_mask.png,1,tampered
1c2ojm,1c2ojm\c9cnv8n_0.jpg,1c2ojm\c9cnv8n_0_mask.png,1,tampered
1c2ojm,1c2ojm\c9cnzf8_0.jpg,1c2ojm\c9cnzf8_0_mask.png,1,tampered
1c2ojm,1c2ojm\c9co6ln_0.jpg,1c2ojm\c9co6ln_0_mask.png,1,tampered
1c2ojm,1c2ojm\c9codtz_0.png,1c2ojm\c9codtz_0_mask.png,1,tampered
1c2ojm,1c2ojm\c9cofak_0.jpg,1c2ojm\c9cofak_0_mask.png,1,tampered
1c2ojm,1c2ojm\c9cojnz_0.jpg,1c2ojm\c9cojnz_0_mask.png,1,tampered
1c2ojm,1c2ojm\c9coljf_0.jpg,1c2ojm\c9coljf_0_mask.png,1,tampered
1c2ojm,1c2ojm\c9colrh_0.jpg,1c2ojm\c9colrh_0_mask.png,1,tampered
1c2ojm,1c2ojm\c9con3s_0.jpg,1c2ojm\c9con3s_0_mask.png,1,tampered
1c2ojm,1c2ojm\c9coynw_0.png,1c2ojm\c9coynw_0_mask.png,1,tampered
1c2ojm,1c2ojm\c9cpohz_0.jpg,1c2ojm\c9cpohz_0_mask.png,1,tampered
1c2ojm,1c2ojm\c9cptn0_0.jpg,1c2ojm\c9cptn0_0_mask.png,1,tampered
1c2ojm,1c2ojm\c9cqfso_0.jpg,1c2ojm\c9cqfso_0_mask.png,1,tampered
1c2ojm,1c2ojm\c9cqodp_0.jpg,1c2ojm\c9cqodp_0_mask.png,1,tampered
1c2ojm,1c2ojm\c9crgzl_0.png,1c2ojm\c9crgzl_0_mask.png,1,tampered
1c2ojm,1c2ojm\c9crh2a_0.jpg,1c2ojm\c9crh2a_0_mask.png,1,tampered
1c2ojm,1c2ojm\c9cu722_0.jpg,1c2ojm\c9cu722_0_mask.png,1,tampered
1c322x,1c322x\1c322x_orig.jpg,,0,original
1c322x,1c322x\c9cj5xa_0.jpg,1c322x\c9cj5xa_0_mask.png,1,tampered
1c322x,1c322x\c9ck0j3_0.jpg,1c322x\c9ck0j3_0_mask.png,1,tampered
1c322x,1c322x\c9clzrj_0.jpg,1c322x\c9clzrj_0_mask.png,1,tampered
1c322x,1c322x\c9cnst8_0.jpg,1c322x\c9cnst8_0_mask.png,1,tampered
1c322x,1c322x\c9cser1_0.jpg,1c322x\c9cser1_0_mask.png,1,tampered
1c322x,1c322x\c9cu6ad_0.jpg,1c322x\c9cu6ad_0_mask.png,1,tampered
1c3l17,1c3l17\1c3l17_orig.jpg,,0,original
1c3l17,1c3l17\c9coy2n_0.jpg,1c3l17\c9coy2n_0_mask.png,1,tampered
1c3l17,1c3l17\c9cufxm_0.jpg,1c3l17\c9cufxm_0_mask.png,1,tampered
1c4ksv,1c4ksv\1c4ksv_orig.jpg,,0,original
1c4ksv,1c4ksv\c9cyjm5_0.jpg,1c4ksv\c9cyjm5_0_mask.png,1,tampered
1c4ksv,1c4ksv\c9cysih_0.jpg,1c4ksv\c9cysih_0_mask.png,1,tampered
1c4ksv,1c4ksv\c9czi34_0.jpg,1c4ksv\c9czi34_0_mask.png,1,tampered
1c4ksv,1c4ksv\c9czkzr_0.jpg,1c4ksv\c9czkzr_0_mask.png,1,tampered
1c4ksv,1c4ksv\c9czl4x_0.jpg,1c4ksv\c9czl4x_0_mask.png,1,tampered
1c4ksv,1c4ksv\c9d09n3_0.jpg,1c4ksv\c9d09n3_0_mask.png,1,tampered
1c4ksv,1c4ksv\c9d0hcc_0.jpg,1c4ksv\c9d0hcc_0_mask.png,1,tampered
1c4ksv,1c4ksv\c9d1bek_0.png,1c4ksv\c9d1bek_0_mask.png,1,tampered
1c4ksv,1c4ksv\c9d1ut9_0.jpg,1c4ksv\c9d1ut9_0_mask.png,1,tampered
1c4ksv,1c4ksv\c9d2odr_0.jpg,1c4ksv\c9d2odr_0_mask.png,1,tampered
1c4ksv,1c4ksv\c9d4ljv_0.jpg,1c4ksv\c9d4ljv_0_mask.png,1,tampered
1c4ksv,1c4ksv\c9d56du_0.png,1c4ksv\c9d56du_0_mask.png,1,tampered
1c4ksv,1c4ksv\c9d78r8_0.jpg,1c4ksv\c9d78r8_0_mask.png,1,tampered
1c4ksv,1c4ksv\c9d7t09_0.jpg,1c4ksv\c9d7t09_0_mask.png,1,tampered
1c4ksv,1c4ksv\c9dc59i_0.jpg,1c4ksv\c9dc59i_0_mask.png,1,tampered
1c4ksv,1c4ksv\c9dem0q_0.jpg,1c4ksv\c9dem0q_0_mask.png,1,tampered
1c4q11,1c4q11\1c4q11_orig.jpg,,0,original
1c4q11,1c4q11\c9d0vu3_0.jpg,1c4q11\c9d0vu3_0_mask.png,1,tampered
1c4ze8,1c4ze8\1c4ze8_orig.jpg,,0,original
1c4ze8,1c4ze8\c9d2t1a_0.jpg,1c4ze8\c9d2t1a_0_mask.png,1,tampered
1c4ze8,1c4ze8\c9d37je_0.jpg,1c4ze8\c9d37je_0_mask.png,1,tampered
1c4ze8,1c4ze8\c9d38jl_0.jpg,1c4ze8\c9d38jl_0_mask.png,1,tampered
1c4ze8,1c4ze8\c9d3l1c_0.jpg,1c4ze8\c9d3l1c_0_mask.png,1,tampered
1c4ze8,1c4ze8\c9d41vh_0.jpg,1c4ze8\c9d41vh_0_mask.png,1,tampered
1c4ze8,1c4ze8\c9d9e1a_0.png,1c4ze8\c9d9e1a_0_mask.png,1,tampered
1c54ga,1c54ga\1c54ga_orig.jpg,,0,original
1c54ga,1c54ga\c9d4vh2_0.png,1c54ga\c9d4vh2_0_mask.png,1,tampered
1c54ga,1c54ga\c9d5q6i_0.jpg,1c54ga\c9d5q6i_0_mask.png,1,tampered
1c54ga,1c54ga\c9d6jfi_0.jpg,1c54ga\c9d6jfi_0_mask.png,1,tampered
1c54ga,1c54ga\c9d710z_0.jpg,1c54ga\c9d710z_0_mask.png,1,tampered
1c54ga,1c54ga\c9d7ags_0.jpg,1c54ga\c9d7ags_0_mask.png,1,tampered
1c54ga,1c54ga\c9d9pl9_0.jpg,1c54ga\c9d9pl9_0_mask.png,1,tampered
1c54ga,1c54ga\c9db1wq_0.jpg,1c54ga\c9db1wq_0_mask.png,1,tampered
1c54ga,1c54ga\c9db37a_0.jpg,1c54ga\c9db37a_0_mask.png,1,tampered
1c54ga,1c54ga\c9dcvq8_0.jpg,1c54ga\c9dcvq8_0_mask.png,1,tampered
1c54ga,1c54ga\c9dcyjm_0.jpg,1c54ga\c9dcyjm_0_mask.png,1,tampered
1c54ga,1c54ga\c9dd24r_0.jpg,1c54ga\c9dd24r_0_mask.png,1,tampered
1c54ga,1c54ga\c9df1un_0.jpg,1c54ga\c9df1un_0_mask.png,1,tampered
1c54ga,1c54ga\c9dko71_0.jpg,1c54ga\c9dko71_0_mask.png,1,tampered
1c54ga,1c54ga\c9dl0if_0.jpg,1c54ga\c9dl0if_0_mask.png,1,tampered
1c54ga,1c54ga\c9do7hm_0.jpg,1c54ga\c9do7hm_0_mask.png,1,tampered
1c56yh,1c56yh\1c56yh_orig.jpg,,0,original
1c56yh,1c56yh\c9d5i6n_0.jpg,1c56yh\c9d5i6n_0_mask.png,1,tampered
1c56yh,1c56yh\c9d617b_0.jpg,1c56yh\c9d617b_0_mask.png,1,tampered
1c56yh,1c56yh\c9d7js8_0.jpg,1c56yh\c9d7js8_0_mask.png,1,tampered
1c56yh,1c56yh\c9d81o3_0.jpg,1c56yh\c9d81o3_0_mask.png,1,tampered
1c56yh,1c56yh\c9d9dft_0.jpg,1c56yh\c9d9dft_0_mask.png,1,tampered
1c7f5q,1c7f5q\1c7f5q_orig.jpg,,0,original
1c7f5q,1c7f5q\c9dr5uk_0.jpg,1c7f5q\c9dr5uk_0_mask.png,1,tampered
1c7f5q,1c7f5q\c9drgb8_0.jpg,1c7f5q\c9drgb8_0_mask.png,1,tampered
1c7xcf,1c7xcf\1c7xcf_orig.jpg,,0,original
1c7xcf,1c7xcf\c9dwwid_0.jpg,1c7xcf\c9dwwid_0_mask.png,1,tampered
1c7xcf,1c7xcf\c9dxbvt_0.jpg,1c7xcf\c9dxbvt_0_mask.png,1,tampered
1c7xcf,1c7xcf\c9e3ftk_0.jpg,1c7xcf\c9e3ftk_0_mask.png,1,tampered
1c7xcf,1c7xcf\c9e3pq0_0.png,1c7xcf\c9e3pq0_0_mask.png,1,tampered
1c7xcf,1c7xcf\c9e4ble_0.jpg,1c7xcf\c9e4ble_0_mask.png,1,tampered
1c7xcf,1c7xcf\c9e4i0n_0.jpg,1c7xcf\c9e4i0n_0_mask.png,1,tampered
1c7xcf,1c7xcf\c9e4pg2_0.jpg,1c7xcf\c9e4pg2_0_mask.png,1,tampered
1c7xcf,1c7xcf\c9eayk3_0.jpg,1c7xcf\c9eayk3_0_mask.png,1,tampered
1c81cn,1c81cn\1c81cn_orig.jpg,,0,original
1c81cn,1c81cn\c9dyl8y_0.jpg,1c81cn\c9dyl8y_0_mask.png,1,tampered
1c81cn,1c81cn\c9e195c_0.jpg,1c81cn\c9e195c_0_mask.png,1,tampered
1c8xyn,1c8xyn\1c8xyn_orig.jpg,,0,original
1c8xyn,1c8xyn\c9e7x90_0.jpg,1c8xyn\c9e7x90_0_mask.png,1,tampered
1c8xyn,1c8xyn\c9e9r5q_0.jpg,1c8xyn\c9e9r5q_0_mask.png,1,tampered
1c8xyn,1c8xyn\c9e9teg_0.jpg,1c8xyn\c9e9teg_0_mask.png,1,tampered
1c9e7e,1c9e7e\1c9e7e_orig.jpg,,0,original
1c9e7e,1c9e7e\c9ebxsh_0.jpg,1c9e7e\c9ebxsh_0_mask.png,1,tampered
1c9e7e,1c9e7e\c9ec1il_0.jpg,1c9e7e\c9ec1il_0_mask.png,1,tampered
1c9e7e,1c9e7e\c9ec9j2_0.jpg,1c9e7e\c9ec9j2_0_mask.png,1,tampered
1c9e7e,1c9e7e\c9ece0x_0.jpg,1c9e7e\c9ece0x_0_mask.png,1,tampered
1c9e7e,1c9e7e\c9ecnrt_0.jpg,1c9e7e\c9ecnrt_0_mask.png,1,tampered
1c9e7e,1c9e7e\c9ecs0x_0.jpg,1c9e7e\c9ecs0x_0_mask.png,1,tampered
1c9e7e,1c9e7e\c9ed1is_0.jpg,1c9e7e\c9ed1is_0_mask.png,1,tampered
1c9e7e,1c9e7e\c9ed8pk_0.jpg,1c9e7e\c9ed8pk_0_mask.png,1,tampered
1c9e7e,1c9e7e\c9eddxz_0.jpg,1c9e7e\c9eddxz_0_mask.png,1,tampered
1c9e7e,1c9e7e\c9ee26f_0.jpg,1c9e7e\c9ee26f_0_mask.png,1,tampered
1c9e7e,1c9e7e\c9ehqe2_0.jpg,1c9e7e\c9ehqe2_0_mask.png,1,tampered
1c9vyj,1c9vyj\1c9vyj_orig.jpg,,0,original
1c9vyj,1c9vyj\c9eictw_0.png,1c9vyj\c9eictw_0_mask.png,1,tampered
1c9vyj,1c9vyj\c9eierm_0.jpg,1c9vyj\c9eierm_0_mask.png,1,tampered
1c9vyj,1c9vyj\c9ens87_0.jpg,1c9vyj\c9ens87_0_mask.png,1,tampered
1c9vyj,1c9vyj\c9erwxd_0.jpg,1c9vyj\c9erwxd_0_mask.png,1,tampered
1c9wcj,1c9wcj\1c9wcj_orig.jpg,,0,original
1c9wcj,1c9wcj\c9egvex_0.jpg,1c9wcj\c9egvex_0_mask.png,1,tampered
1c9wcj,1c9wcj\c9ekoti_0.png,1c9wcj\c9ekoti_0_mask.png,1,tampered
1ca8nm,1ca8nm\1ca8nm_orig.jpg,,0,original
1ca8nm,1ca8nm\c9eki1d_0.jpg,1ca8nm\c9eki1d_0_mask.png,1,tampered
1ca8nm,1ca8nm\c9elhr5_0.png,1ca8nm\c9elhr5_0_mask.png,1,tampered
1ca8nm,1ca8nm\c9elrrk_0.jpg,1ca8nm\c9elrrk_0_mask.png,1,tampered
1ca8nm,1ca8nm\c9en86k_0.jpg,1ca8nm\c9en86k_0_mask.png,1,tampered
1ca8nm,1ca8nm\c9eowm6_0.jpg,1ca8nm\c9eowm6_0_mask.png,1,tampered
1ca8nm,1ca8nm\c9ep601_0.jpg,1ca8nm\c9ep601_0_mask.png,1,tampered
1ca8nm,1ca8nm\c9epo48_0.jpg,1ca8nm\c9epo48_0_mask.png,1,tampered
1ca8nm,1ca8nm\c9epyi9_0.jpg,1ca8nm\c9epyi9_0_mask.png,1,tampered
1ca8nm,1ca8nm\c9eqhuj_0.jpg,1ca8nm\c9eqhuj_0_mask.png,1,tampered
1ca8nm,1ca8nm\c9eqqy1_0.jpg,1ca8nm\c9eqqy1_0_mask.png,1,tampered
1ca8nm,1ca8nm\c9esffq_0.jpg,1ca8nm\c9esffq_0_mask.png,1,tampered
1ca8nm,1ca8nm\c9euxib_0.jpg,1ca8nm\c9euxib_0_mask.png,1,tampered
1cbqiu,1cbqiu\1cbqiu_orig.jpg,,0,original
1cbqiu,1cbqiu\c9f14qe_0.jpg,1cbqiu\c9f14qe_0_mask.png,1,tampered
1cbqiu,1cbqiu\c9f3da2_0.jpg,1cbqiu\c9f3da2_0_mask.png,1,tampered
1cbs6k,1cbs6k\1cbs6k_orig.jpg,,0,original
1cbs6k,1cbs6k\c9f0e67_0.jpg,1cbs6k\c9f0e67_0_mask.png,1,tampered
1cbs6k,1cbs6k\c9f0jqs_0.jpg,1cbs6k\c9f0jqs_0_mask.png,1,tampered
1cbs6k,1cbs6k\c9f0la4_0.jpg,1cbs6k\c9f0la4_0_mask.png,1,tampered
1cbs6k,1cbs6k\c9f0r3h_0.png,1cbs6k\c9f0r3h_0_mask.png,1,tampered
1cbs6k,1cbs6k\c9f0vmz_0.jpg,1cbs6k\c9f0vmz_0_mask.png,1,tampered
1cbs6k,1cbs6k\c9f13p5_0.jpg,1cbs6k\c9f13p5_0_mask.png,1,tampered
1cbs6k,1cbs6k\c9f1h60_0.jpg,1cbs6k\c9f1h60_0_mask.png,1,tampered
1cbs6k,1cbs6k\c9f2szu_0.jpg,1cbs6k\c9f2szu_0_mask.png,1,tampered
1cbs6k,1cbs6k\c9f38b8_0.jpg,1cbs6k\c9f38b8_0_mask.png,1,tampered
1cbs6k,1cbs6k\c9f517t_0.jpg,1cbs6k\c9f517t_0_mask.png,1,tampered
1cbtfp,1cbtfp\1cbtfp_orig.jpg,,0,original
1cbtfp,1cbtfp\c9ezpzg_0.jpg,1cbtfp\c9ezpzg_0_mask.png,1,tampered
1cbtfp,1cbtfp\c9f090n_0.jpg,1cbtfp\c9f090n_0_mask.png,1,tampered
1cbtfp,1cbtfp\c9f0n0z_0.jpg,1cbtfp\c9f0n0z_0_mask.png,1,tampered
1cbtfp,1cbtfp\c9f2dub_0.jpg,1cbtfp\c9f2dub_0_mask.png,1,tampered
1cbtfp,1cbtfp\c9f2qch_0.jpg,1cbtfp\c9f2qch_0_mask.png,1,tampered
1cbtfp,1cbtfp\c9f2sfv_0.jpg,1cbtfp\c9f2sfv_0_mask.png,1,tampered
1cbtfp,1cbtfp\c9f3n7z_0.jpg,1cbtfp\c9f3n7z_0_mask.png,1,tampered
1cbtfp,1cbtfp\c9f465i_0.png,1cbtfp\c9f465i_0_mask.png,1,tampered
1cbtfp,1cbtfp\c9f535u_0.jpg,1cbtfp\c9f535u_0_mask.png,1,tampered
1cbtfp,1cbtfp\c9f627v_0.jpg,1cbtfp\c9f627v_0_mask.png,1,tampered
1cbtfp,1cbtfp\c9f8vaj_0.jpg,1cbtfp\c9f8vaj_0_mask.png,1,tampered
1cbtfp,1cbtfp\c9faxnv_0.jpg,1cbtfp\c9faxnv_0_mask.png,1,tampered
1cbtfp,1cbtfp\c9ffae4_0.jpg,1cbtfp\c9ffae4_0_mask.png,1,tampered
1cd24q,1cd24q\1cd24q_orig.jpg,,0,original
1cd24q,1cd24q\c9fdzmf_0.jpg,1cd24q\c9fdzmf_0_mask.png,1,tampered
1cd24q,1cd24q\c9fep2z_0.jpg,1cd24q\c9fep2z_0_mask.png,1,tampered
1cdqz3,1cdqz3\1cdqz3_orig.jpg,,0,original
1cdqz3,1cdqz3\c9fj64j_0.jpg,1cdqz3\c9fj64j_0_mask.png,1,tampered
1cdqz3,1cdqz3\c9fjobh_0.jpg,1cdqz3\c9fjobh_0_mask.png,1,tampered
1cdqz3,1cdqz3\c9fjq1l_0.jpg,1cdqz3\c9fjq1l_0_mask.png,1,tampered
1cdqz3,1cdqz3\c9fl051_0.jpg,1cdqz3\c9fl051_0_mask.png,1,tampered
1cdqz3,1cdqz3\c9fl0yy_0.jpg,1cdqz3\c9fl0yy_0_mask.png,1,tampered
1cdqz3,1cdqz3\c9fl1lk_0.jpg,1cdqz3\c9fl1lk_0_mask.png,1,tampered
1cdqz3,1cdqz3\c9fmaeu_0.jpg,1cdqz3\c9fmaeu_0_mask.png,1,tampered
1cdqz3,1cdqz3\c9fmrsm_0.png,1cdqz3\c9fmrsm_0_mask.png,1,tampered
1cdqz3,1cdqz3\c9fmv7c_0.jpg,1cdqz3\c9fmv7c_0_mask.png,1,tampered
1cdqz3,1cdqz3\c9fntrg_0.jpg,1cdqz3\c9fntrg_0_mask.png,1,tampered
1cdqz3,1cdqz3\c9fnyyh_0.jpg,1cdqz3\c9fnyyh_0_mask.png,1,tampered
1cdqz3,1cdqz3\c9fqbs0_0.jpg,1cdqz3\c9fqbs0_0_mask.png,1,tampered
1cdqz3,1cdqz3\c9fxdln_0.jpg,1cdqz3\c9fxdln_0_mask.png,1,tampered
1cdvuj,1cdvuj\1cdvuj_orig.jpg,,0,original
1cdvuj,1cdvuj\c9fk35b_0.jpg,1cdvuj\c9fk35b_0_mask.png,1,tampered
1cdvuj,1cdvuj\c9flfa0_0.jpg,1cdvuj\c9flfa0_0_mask.png,1,tampered
1cdvuj,1cdvuj\c9fo87w_0.jpg,1cdvuj\c9fo87w_0_mask.png,1,tampered
1cdwa7,1cdwa7\1cdwa7_orig.jpg,,0,original
1cdwa7,1cdwa7\c9fmhir_0.jpg,1cdwa7\c9fmhir_0_mask.png,1,tampered
1cdwa7,1cdwa7\c9fn5j8_0.jpg,1cdwa7\c9fn5j8_0_mask.png,1,tampered
1cdwa7,1cdwa7\c9fprtk_0.jpg,1cdwa7\c9fprtk_0_mask.png,1,tampered
1cdwa7,1cdwa7\c9fqiqn_0.jpg,1cdwa7\c9fqiqn_0_mask.png,1,tampered
1cexsx,1cexsx\1cexsx_orig.jpg,,0,original
1cexsx,1cexsx\c9fvtzk_0.jpg,1cexsx\c9fvtzk_0_mask.png,1,tampered
1cexsx,1cexsx\c9fxc80_0.jpg,1cexsx\c9fxc80_0_mask.png,1,tampered
1cexsx,1cexsx\c9fxudz_0.jpg,1cexsx\c9fxudz_0_mask.png,1,tampered
1cexsx,1cexsx\c9fyiz2_0.jpg,1cexsx\c9fyiz2_0_mask.png,1,tampered
1cexsx,1cexsx\c9g35w2_0.jpg,1cexsx\c9g35w2_0_mask.png,1,tampered
1cexsx,1cexsx\c9g5jrp_0.jpg,1cexsx\c9g5jrp_0_mask.png,1,tampered
1cexsx,1cexsx\c9g5nv8_0.jpg,1cexsx\c9g5nv8_0_mask.png,1,tampered
1cexsx,1cexsx\c9g5v1g_0.jpg,1cexsx\c9g5v1g_0_mask.png,1,tampered
1cexsx,1cexsx\c9g6vta_0.jpg,1cexsx\c9g6vta_0_mask.png,1,tampered
1cexsx,1cexsx\c9g7604_0.jpg,1cexsx\c9g7604_0_mask.png,1,tampered
1cexsx,1cexsx\c9g93re_0.jpg,1cexsx\c9g93re_0_mask.png,1,tampered
1cfau1,1cfau1\1cfau1_orig.jpg,,0,original
1cfau1,1cfau1\c9g2fgf_0.jpg,1cfau1\c9g2fgf_0_mask.png,1,tampered
1cfau1,1cfau1\c9g3a9c_0.jpg,1cfau1\c9g3a9c_0_mask.png,1,tampered
1cfc30,1cfc30\1cfc30_orig.jpg,,0,original
1cfc30,1cfc30\c9fzio7_0.jpg,1cfc30\c9fzio7_0_mask.png,1,tampered
1cfc30,1cfc30\c9g3oqm_0.jpg,1cfc30\c9g3oqm_0_mask.png,1,tampered
1cfc30,1cfc30\c9g4hr5_0.jpg,1cfc30\c9g4hr5_0_mask.png,1,tampered
1cfc30,1cfc30\c9g4vhi_0.png,1cfc30\c9g4vhi_0_mask.png,1,tampered
1cfo34,1cfo34\1cfo34_orig.jpg,,0,original
1cfo34,1cfo34\c9g2y6q_0.png,1cfo34\c9g2y6q_0_mask.png,1,tampered
1cfo34,1cfo34\c9g6sg0_0.jpg,1cfo34\c9g6sg0_0_mask.png,1,tampered
1cfo34,1cfo34\c9g787e_0.jpg,1cfo34\c9g787e_0_mask.png,1,tampered
1cfo34,1cfo34\c9g9ld3_0.jpg,1cfo34\c9g9ld3_0_mask.png,1,tampered
1cfo34,1cfo34\c9gattf_0.jpg,1cfo34\c9gattf_0_mask.png,1,tampered
1cfo34,1cfo34\c9gd5k9_0.jpg,1cfo34\c9gd5k9_0_mask.png,1,tampered
1cfo9x,1cfo9x\1cfo9x_orig.jpg,,0,original
1cfo9x,1cfo9x\c9g3114_0.jpg,1cfo9x\c9g3114_0_mask.png,1,tampered
1cfo9x,1cfo9x\c9g3rke_0.jpg,1cfo9x\c9g3rke_0_mask.png,1,tampered
1cfo9x,1cfo9x\c9g4p2k_0.jpg,1cfo9x\c9g4p2k_0_mask.png,1,tampered
1cfo9x,1cfo9x\c9g5zv6_0.jpg,1cfo9x\c9g5zv6_0_mask.png,1,tampered
1cfo9x,1cfo9x\c9g80q7_0.jpg,1cfo9x\c9g80q7_0_mask.png,1,tampered
1cfo9x,1cfo9x\c9g8384_0.jpg,1cfo9x\c9g8384_0_mask.png,1,tampered
1cg3vm,1cg3vm\1cg3vm_orig.jpg,,0,original
1cg3vm,1cg3vm\c9g9t6z_0.jpg,1cg3vm\c9g9t6z_0_mask.png,1,tampered
1cgew4,1cgew4\1cgew4_orig.jpg,,0,original
1cgew4,1cgew4\c9g8k86_0.jpg,1cgew4\c9g8k86_0_mask.png,1,tampered
1cgew4,1cgew4\c9g8zth_0.jpg,1cgew4\c9g8zth_0_mask.png,1,tampered
1cgew4,1cgew4\c9g9mr9_0.jpg,1cgew4\c9g9mr9_0_mask.png,1,tampered
1cgew4,1cgew4\c9gbskr_0.jpg,1cgew4\c9gbskr_0_mask.png,1,tampered
1cgew4,1cgew4\c9gda7u_0.jpg,1cgew4\c9gda7u_0_mask.png,1,tampered
1cglge,1cglge\1cglge_orig.jpg,,0,original
1cglge,1cglge\c9gck87_0.jpg,1cglge\c9gck87_0_mask.png,1,tampered
1cglge,1cglge\c9gd2mj_0.jpg,1cglge\c9gd2mj_0_mask.png,1,tampered
1cglge,1cglge\c9gd6qy_0.jpg,1cglge\c9gd6qy_0_mask.png,1,tampered
1cglge,1cglge\c9gd8cq_0.jpg,1cglge\c9gd8cq_0_mask.png,1,tampered
1cglge,1cglge\c9gdsx5_0.jpg,1cglge\c9gdsx5_0_mask.png,1,tampered
1cglge,1cglge\c9gdyzr_0.jpg,1cglge\c9gdyzr_0_mask.png,1,tampered
1cglge,1cglge\c9gfhtc_0.jpg,1cglge\c9gfhtc_0_mask.png,1,tampered
1cglge,1cglge\c9gfnnb_0.jpg,1cglge\c9gfnnb_0_mask.png,1,tampered
1cglge,1cglge\c9gg5nc_0.jpg,1cglge\c9gg5nc_0_mask.png,1,tampered
1cglge,1cglge\c9ghgvz_0.jpg,1cglge\c9ghgvz_0_mask.png,1,tampered
1cglge,1cglge\c9ghoad_0.jpg,1cglge\c9ghoad_0_mask.png,1,tampered
1cglge,1cglge\c9gkk0s_0.jpg,1cglge\c9gkk0s_0_mask.png,1,tampered
1cgvx4,1cgvx4\1cgvx4_orig.jpg,,0,original
1cgvx4,1cgvx4\c9gf8ln_0.jpg,1cgvx4\c9gf8ln_0_mask.png,1,tampered
1cgvx4,1cgvx4\c9gjh0g_0.jpg,1cgvx4\c9gjh0g_0_mask.png,1,tampered
1ch2bt,1ch2bt\1ch2bt_orig.jpg,,0,original
1ch2bt,1ch2bt\c9ggl99_0.jpg,1ch2bt\c9ggl99_0_mask.png,1,tampered
1ch2bt,1ch2bt\c9gmqwd_0.png,1ch2bt\c9gmqwd_0_mask.png,1,tampered
1ch2bt,1ch2bt\c9gn0vx_0.jpg,1ch2bt\c9gn0vx_0_mask.png,1,tampered
1chfs0,1chfs0\1chfs0_orig.jpg,,0,original
1chfs0,1chfs0\c9gjago_0.jpg,1chfs0\c9gjago_0_mask.png,1,tampered
1chfs0,1chfs0\c9gl75j_0.jpg,1chfs0\c9gl75j_0_mask.png,1,tampered
1chfs0,1chfs0\c9glbxq_0.jpg,1chfs0\c9glbxq_0_mask.png,1,tampered
1chfs0,1chfs0\c9grcz4_0.jpg,1chfs0\c9grcz4_0_mask.png,1,tampered
1chfs0,1chfs0\c9gss1i_0.jpg,1chfs0\c9gss1i_0_mask.png,1,tampered
1chfs0,1chfs0\c9gtq1e_0.jpg,1chfs0\c9gtq1e_0_mask.png,1,tampered
1chs2a,1chs2a\1chs2a_orig.jpg,,0,original
1chs2a,1chs2a\c9grv2t_0.jpg,1chs2a\c9grv2t_0_mask.png,1,tampered
1chs2a,1chs2a\c9gs7bm_0.png,1chs2a\c9gs7bm_0_mask.png,1,tampered
1chs2a,1chs2a\c9gsyda_0.jpg,1chs2a\c9gsyda_0_mask.png,1,tampered
1chs2a,1chs2a\c9gtkcd_0.jpg,1chs2a\c9gtkcd_0_mask.png,1,tampered
1chs2a,1chs2a\c9gtlnu_0.jpg,1chs2a\c9gtlnu_0_mask.png,1,tampered
1chs2a,1chs2a\c9gw35r_0.jpg,1chs2a\c9gw35r_0_mask.png,1,tampered
1civbz,1civbz\1civbz_orig.jpg,,0,original
1civbz,1civbz\c9gx2vm_0.png,1civbz\c9gx2vm_0_mask.png,1,tampered
1cixd9,1cixd9\1cixd9_orig.jpg,,0,original
1cixd9,1cixd9\c9gxwzy_0.jpg,1cixd9\c9gxwzy_0_mask.png,1,tampered
1cixd9,1cixd9\c9gyshx_0.jpg,1cixd9\c9gyshx_0_mask.png,1,tampered
1cixd9,1cixd9\c9gz0w4_0.jpg,1cixd9\c9gz0w4_0_mask.png,1,tampered
1cixd9,1cixd9\c9h2sab_0.jpg,1cixd9\c9h2sab_0_mask.png,1,tampered
1cixd9,1cixd9\c9h2seb_0.jpg,1cixd9\c9h2seb_0_mask.png,1,tampered
1cj2wk,1cj2wk\1cj2wk_orig.jpg,,0,original
1cj2wk,1cj2wk\c9gzach_0.jpg,1cj2wk\c9gzach_0_mask.png,1,tampered
1cj2wk,1cj2wk\c9h02el_0.png,1cj2wk\c9h02el_0_mask.png,1,tampered
1cj2wk,1cj2wk\c9h0z4q_0.jpg,1cj2wk\c9h0z4q_0_mask.png,1,tampered
1cj2wk,1cj2wk\c9h11gt_0.jpg,1cj2wk\c9h11gt_0_mask.png,1,tampered
1cj2wk,1cj2wk\c9h1614_0.jpg,1cj2wk\c9h1614_0_mask.png,1,tampered
1cj2wk,1cj2wk\c9h2k3n_0.jpg,1cj2wk\c9h2k3n_0_mask.png,1,tampered
1cj2wk,1cj2wk\c9h2tvs_0.jpg,1cj2wk\c9h2tvs_0_mask.png,1,tampered
1cj2wk,1cj2wk\c9h3qse_0.jpg,1cj2wk\c9h3qse_0_mask.png,1,tampered
1cj2wk,1cj2wk\c9h41sp_0.jpg,1cj2wk\c9h41sp_0_mask.png,1,tampered
1cj2wk,1cj2wk\c9h4ej3_0.jpg,1cj2wk\c9h4ej3_0_mask.png,1,tampered
1cj2wk,1cj2wk\c9h4l2n_0.jpg,1cj2wk\c9h4l2n_0_mask.png,1,tampered
1cj2wk,1cj2wk\c9h5fdh_0.jpg,1cj2wk\c9h5fdh_0_mask.png,1,tampered
1cj2wk,1cj2wk\c9h5ga4_0.jpg,1cj2wk\c9h5ga4_0_mask.png,1,tampered
1cj2wk,1cj2wk\c9h6iyv_0.jpg,1cj2wk\c9h6iyv_0_mask.png,1,tampered
1cj2wk,1cj2wk\c9h6m92_0.jpg,1cj2wk\c9h6m92_0_mask.png,1,tampered
1cj2wk,1cj2wk\c9h7w73_0.jpg,1cj2wk\c9h7w73_0_mask.png,1,tampered
1cj2wk,1cj2wk\c9h97f9_0.jpg,1cj2wk\c9h97f9_0_mask.png,1,tampered
1cj2wk,1cj2wk\c9hal43_0.jpg,1cj2wk\c9hal43_0_mask.png,1,tampered
1cj2wk,1cj2wk\c9harx6_0.jpg,1cj2wk\c9harx6_0_mask.png,1,tampered
1cj2wk,1cj2wk\c9hb4rz_0.jpg,1cj2wk\c9hb4rz_0_mask.png,1,tampered
1cj2wk,1cj2wk\c9hg0i2_0.jpg,1cj2wk\c9hg0i2_0_mask.png,1,tampered
1cj6ta,1cj6ta\1cj6ta_orig.jpg,,0,original
1cj6ta,1cj6ta\c9h0993_0.jpg,1cj6ta\c9h0993_0_mask.png,1,tampered
1cj6ta,1cj6ta\c9h0gbn_0.png,1cj6ta\c9h0gbn_0_mask.png,1,tampered
1cj6ta,1cj6ta\c9h1dkc_0.jpg,1cj6ta\c9h1dkc_0_mask.png,1,tampered
1cj6ta,1cj6ta\c9h2clv_0.jpg,1cj6ta\c9h2clv_0_mask.png,1,tampered
1cj6ta,1cj6ta\c9h38o1_0.jpg,1cj6ta\c9h38o1_0_mask.png,1,tampered
1cj6ta,1cj6ta\c9h3b9x_0.jpg,1cj6ta\c9h3b9x_0_mask.png,1,tampered
1cj6ta,1cj6ta\c9h6icz_0.jpg,1cj6ta\c9h6icz_0_mask.png,1,tampered
1cjl4e,1cjl4e\1cjl4e_orig.jpg,,0,original
1cjl4e,1cjl4e\c9h53ur_0.jpg,1cjl4e\c9h53ur_0_mask.png,1,tampered
1cjuyc,1cjuyc\1cjuyc_orig.jpg,,0,original
1cjuyc,1cjuyc\c9hanuj_0.jpg,1cjuyc\c9hanuj_0_mask.png,1,tampered
1cjuyc,1cjuyc\c9hd3rx_0.jpg,1cjuyc\c9hd3rx_0_mask.png,1,tampered
1cjy5s,1cjy5s\1cjy5s_orig.jpg,,0,original
1cjy5s,1cjy5s\c9hgkbl_0.jpg,1cjy5s\c9hgkbl_0_mask.png,1,tampered
1ck17j,1ck17j\1ck17j_orig.jpg,,0,original
1ck17j,1ck17j\c9h9cv3_0.jpg,1ck17j\c9h9cv3_0_mask.png,1,tampered
1ckdxo,1ckdxo\1ckdxo_orig.jpg,,0,original
1ckdxo,1ckdxo\c9hcema_0.jpg,1ckdxo\c9hcema_0_mask.png,1,tampered
1ckdxo,1ckdxo\c9hdjxv_0.png,1ckdxo\c9hdjxv_0_mask.png,1,tampered
1ckdxo,1ckdxo\c9hgxau_0.jpg,1ckdxo\c9hgxau_0_mask.png,1,tampered
1cko19,1cko19\1cko19_orig.jpg,,0,original
1cko19,1cko19\c9hr4mf_0.png,1cko19\c9hr4mf_0_mask.png,1,tampered
1cko19,1cko19\c9hui3v_0.jpg,1cko19\c9hui3v_0_mask.png,1,tampered
1ckwje,1ckwje\1ckwje_orig.jpg,,0,original
1ckwje,1ckwje\c9hj5lr_0.jpg,1ckwje\c9hj5lr_0_mask.png,1,tampered
1ckwje,1ckwje\c9hjnfo_0.jpg,1ckwje\c9hjnfo_0_mask.png,1,tampered
1ckwje,1ckwje\c9hk5hp_0.jpg,1ckwje\c9hk5hp_0_mask.png,1,tampered
1ckwje,1ckwje\c9hlbrm_0.jpg,1ckwje\c9hlbrm_0_mask.png,1,tampered
1ckwje,1ckwje\c9hlhc2_0.jpg,1ckwje\c9hlhc2_0_mask.png,1,tampered
1ckwje,1ckwje\c9hmf8f_0.jpg,1ckwje\c9hmf8f_0_mask.png,1,tampered
1ckwje,1ckwje\c9hmzo9_0.jpg,1ckwje\c9hmzo9_0_mask.png,1,tampered
1ckwje,1ckwje\c9hnxex_0.jpg,1ckwje\c9hnxex_0_mask.png,1,tampered
1ckwje,1ckwje\c9hoexk_0.jpg,1ckwje\c9hoexk_0_mask.png,1,tampered
1ckwje,1ckwje\c9honhf_0.jpg,1ckwje\c9honhf_0_mask.png,1,tampered
1ckwje,1ckwje\c9houy2_0.jpg,1ckwje\c9houy2_0_mask.png,1,tampered
1ckwje,1ckwje\c9hs9do_0.jpg,1ckwje\c9hs9do_0_mask.png,1,tampered
1ckwje,1ckwje\c9hu5ce_0.jpg,1ckwje\c9hu5ce_0_mask.png,1,tampered
1ckxsa,1ckxsa\1ckxsa_orig.jpg,,0,original
1ckxsa,1ckxsa\c9hi7nj_0.jpg,1ckxsa\c9hi7nj_0_mask.png,1,tampered
1ckxsa,1ckxsa\c9hk6li_0.jpg,1ckxsa\c9hk6li_0_mask.png,1,tampered
1ckxsa,1ckxsa\c9hks52_0.jpg,1ckxsa\c9hks52_0_mask.png,1,tampered
1clwgb,1clwgb\1clwgb_orig.jpg,,0,original
1clwgb,1clwgb\c9hto4a_0.jpg,1clwgb\c9hto4a_0_mask.png,1,tampered
1clwgb,1clwgb\c9hud83_0.jpg,1clwgb\c9hud83_0_mask.png,1,tampered
1clwgb,1clwgb\c9hv3aa_0.jpg,1clwgb\c9hv3aa_0_mask.png,1,tampered
1clwgb,1clwgb\c9hx5lf_0.jpg,1clwgb\c9hx5lf_0_mask.png,1,tampered
1clwgb,1clwgb\c9hxjwt_0.jpg,1clwgb\c9hxjwt_0_mask.png,1,tampered
1clwgb,1clwgb\c9hyb2c_0.jpg,1clwgb\c9hyb2c_0_mask.png,1,tampered
1clwgb,1clwgb\c9hyeec_0.jpg,1clwgb\c9hyeec_0_mask.png,1,tampered
1clwgb,1clwgb\c9i057u_0.jpg,1clwgb\c9i057u_0_mask.png,1,tampered
1clwgb,1clwgb\c9i09lt_0.jpg,1clwgb\c9i09lt_0_mask.png,1,tampered
1clwgb,1clwgb\c9i2yhe_0.jpg,1clwgb\c9i2yhe_0_mask.png,1,tampered
1clwgb,1clwgb\c9i6dg5_0.jpg,1clwgb\c9i6dg5_0_mask.png,1,tampered
1cme9d,1cme9d\1cme9d_orig.jpg,,0,original
1cme9d,1cme9d\c9hxepw_0.jpg,1cme9d\c9hxepw_0_mask.png,1,tampered
1cnlum,1cnlum\1cnlum_orig.jpg,,0,original
1cnlum,1cnlum\c9i892b_0.jpg,1cnlum\c9i892b_0_mask.png,1,tampered
1cnlum,1cnlum\c9i8kwz_0.jpg,1cnlum\c9i8kwz_0_mask.png,1,tampered
1cnlum,1cnlum\c9ic90m_0.jpg,1cnlum\c9ic90m_0_mask.png,1,tampered
1cnlum,1cnlum\c9iccvg_0.jpg,1cnlum\c9iccvg_0_mask.png,1,tampered
1cnlum,1cnlum\c9iff6x_0.jpg,1cnlum\c9iff6x_0_mask.png,1,tampered
1cnlum,1cnlum\c9ihhh7_0.jpg,1cnlum\c9ihhh7_0_mask.png,1,tampered
1cnlum,1cnlum\c9ii3or_0.jpg,1cnlum\c9ii3or_0_mask.png,1,tampered
1codvj,1codvj\1codvj_orig.jpg,,0,original
1codvj,1codvj\c9ihn1n_0.png,1codvj\c9ihn1n_0_mask.png,1,tampered
1codvj,1codvj\c9ihomk_0.jpg,1codvj\c9ihomk_0_mask.png,1,tampered
1codvj,1codvj\c9ihrfw_0.jpg,1codvj\c9ihrfw_0_mask.png,1,tampered
1codvj,1codvj\c9ihvi6_0.jpg,1codvj\c9ihvi6_0_mask.png,1,tampered
1codvj,1codvj\c9ii586_0.jpg,1codvj\c9ii586_0_mask.png,1,tampered
1codvj,1codvj\c9ii7ff_0.jpg,1codvj\c9ii7ff_0_mask.png,1,tampered
1codvj,1codvj\c9ii97p_0.png,1codvj\c9ii97p_0_mask.png,1,tampered
1codvj,1codvj\c9iibxz_0.jpg,1codvj\c9iibxz_0_mask.png,1,tampered
1codvj,1codvj\c9iibzf_0.jpg,1codvj\c9iibzf_0_mask.png,1,tampered
1codvj,1codvj\c9iidxf_0.jpg,1codvj\c9iidxf_0_mask.png,1,tampered
1codvj,1codvj\c9iihrs_0.jpg,1codvj\c9iihrs_0_mask.png,1,tampered
1codvj,1codvj\c9iijp8_0.jpg,1codvj\c9iijp8_0_mask.png,1,tampered
1codvj,1codvj\c9iiklk_0.jpg,1codvj\c9iiklk_0_mask.png,1,tampered
1codvj,1codvj\c9iin2c_0.jpg,1codvj\c9iin2c_0_mask.png,1,tampered
1codvj,1codvj\c9iin8c_0.jpg,1codvj\c9iin8c_0_mask.png,1,tampered
1codvj,1codvj\c9iis5u_0.jpg,1codvj\c9iis5u_0_mask.png,1,tampered
1codvj,1codvj\c9ij6ir_0.jpg,1codvj\c9ij6ir_0_mask.png,1,tampered
1codvj,1codvj\c9ijdae_0.jpg,1codvj\c9ijdae_0_mask.png,1,tampered
1codvj,1codvj\c9ijf08_0.jpg,1codvj\c9ijf08_0_mask.png,1,tampered
1codvj,1codvj\c9ik1fl_0.jpg,1codvj\c9ik1fl_0_mask.png,1,tampered
1codvj,1codvj\c9ikbq4_0.jpg,1codvj\c9ikbq4_0_mask.png,1,tampered
1codvj,1codvj\c9il4y8_0.jpg,1codvj\c9il4y8_0_mask.png,1,tampered
1codvj,1codvj\c9ily5x_0.jpg,1codvj\c9ily5x_0_mask.png,1,tampered
1codvj,1codvj\c9imetl_0.jpg,1codvj\c9imetl_0_mask.png,1,tampered
1codvj,1codvj\c9imiv9_0.jpg,1codvj\c9imiv9_0_mask.png,1,tampered
1codvj,1codvj\c9iorrc_0.jpg,1codvj\c9iorrc_0_mask.png,1,tampered
1coha8,1coha8\1coha8_orig.jpg,,0,original
1coha8,1coha8\c9imbmj_0.jpg,1coha8\c9imbmj_0_mask.png,1,tampered
1coha8,1coha8\c9io67n_0.jpg,1coha8\c9io67n_0_mask.png,1,tampered
1coha8,1coha8\c9iqfsg_0.jpg,1coha8\c9iqfsg_0_mask.png,1,tampered
1cp3qd,1cp3qd\1cp3qd_orig.jpg,,0,original
1cp3qd,1cp3qd\c9iovzx_0.jpg,1cp3qd\c9iovzx_0_mask.png,1,tampered
1cp3qd,1cp3qd\c9is39d_0.jpg,1cp3qd\c9is39d_0_mask.png,1,tampered
1cp4wl,1cp4wl\1cp4wl_orig.jpg,,0,original
1cp4wl,1cp4wl\c9islb2_0.jpg,1cp4wl\c9islb2_0_mask.png,1,tampered
1cpsql,1cpsql\1cpsql_orig.jpg,,0,original
1cpsql,1cpsql\c9iup8s_0.jpg,1cpsql\c9iup8s_0_mask.png,1,tampered
1cpsql,1cpsql\c9iuyp5_0.jpg,1cpsql\c9iuyp5_0_mask.png,1,tampered
1cpsql,1cpsql\c9iwpff_0.jpg,1cpsql\c9iwpff_0_mask.png,1,tampered
1cpsql,1cpsql\c9ixvi8_0.jpg,1cpsql\c9ixvi8_0_mask.png,1,tampered
1cpsql,1cpsql\c9ixvz6_0.jpg,1cpsql\c9ixvz6_0_mask.png,1,tampered
1cpsql,1cpsql\c9ixwnp_0.jpg,1cpsql\c9ixwnp_0_mask.png,1,tampered
1cpsql,1cpsql\c9iz4b4_0.jpg,1cpsql\c9iz4b4_0_mask.png,1,tampered
1cpsql,1cpsql\c9j1u8d_0.jpg,1cpsql\c9j1u8d_0_mask.png,1,tampered
1cpsql,1cpsql\c9j223g_0.jpg,1cpsql\c9j223g_0_mask.png,1,tampered
1cpsql,1cpsql\c9j7uh8_0.jpg,1cpsql\c9j7uh8_0_mask.png,1,tampered
1cpsql,1cpsql\c9j8c6q_0.png,1cpsql\c9j8c6q_0_mask.png,1,tampered
1cqg67,1cqg67\1cqg67_orig.jpg,,0,original
1cqg67,1cqg67\c9j1upi_0.jpg,1cqg67\c9j1upi_0_mask.png,1,tampered
1cqg67,1cqg67\c9j35au_0.jpg,1cqg67\c9j35au_0_mask.png,1,tampered
1cqg67,1cqg67\c9j8ny0_0.jpg,1cqg67\c9j8ny0_0_mask.png,1,tampered
1cqg67,1cqg67\c9j8xqc_0.jpg,1cqg67\c9j8xqc_0_mask.png,1,tampered
1cqnqe,1cqnqe\1cqnqe_orig.jpg,,0,original
1cqnqe,1cqnqe\c9j6as6_0.jpg,1cqnqe\c9j6as6_0_mask.png,1,tampered
1cr6qy,1cr6qy\1cr6qy_orig.jpg,,0,original
1cr6qy,1cr6qy\c9j80i6_0.jpg,1cr6qy\c9j80i6_0_mask.png,1,tampered
1crdz7,1crdz7\1crdz7_orig.jpg,,0,original
1crdz7,1crdz7\c9jbfvl_0.jpg,1crdz7\c9jbfvl_0_mask.png,1,tampered
1cst9h,1cst9h\1cst9h_orig.jpg,,0,original
1cst9h,1cst9h\c9jnza3_0.jpg,1cst9h\c9jnza3_0_mask.png,1,tampered
1cst9h,1cst9h\c9joq7w_0.jpg,1cst9h\c9joq7w_0_mask.png,1,tampered
1cst9h,1cst9h\c9jqshm_0.jpg,1cst9h\c9jqshm_0_mask.png,1,tampered
1cst9h,1cst9h\c9jsov8_0.jpg,1cst9h\c9jsov8_0_mask.png,1,tampered
1cst9h,1cst9h\c9k2es6_0.png,1cst9h\c9k2es6_0_mask.png,1,tampered
1csvlp,1csvlp\1csvlp_orig.jpg,,0,original
1csvlp,1csvlp\c9jp0p0_0.jpg,1csvlp\c9jp0p0_0_mask.png,1,tampered
1csvlp,1csvlp\c9jtkmu_0.jpg,1csvlp\c9jtkmu_0_mask.png,1,tampered
1csvlp,1csvlp\c9jzdxb_0.jpg,1csvlp\c9jzdxb_0_mask.png,1,tampered
1ctk0g,1ctk0g\1ctk0g_orig.jpg,,0,original
1ctk0g,1ctk0g\c9juyz1_0.jpg,1ctk0g\c9juyz1_0_mask.png,1,tampered
1ctk0g,1ctk0g\c9jv5re_0.png,1ctk0g\c9jv5re_0_mask.png,1,tampered
1cu6rq,1cu6rq\1cu6rq_orig.jpg,,0,original
1cu6rq,1cu6rq\c9k2gmo_0.jpg,1cu6rq\c9k2gmo_0_mask.png,1,tampered
1cu6rq,1cu6rq\c9k2t5d_0.jpg,1cu6rq\c9k2t5d_0_mask.png,1,tampered
1cu6rq,1cu6rq\c9k3zdn_0.jpg,1cu6rq\c9k3zdn_0_mask.png,1,tampered
1cu6rq,1cu6rq\c9k5pqu_0.jpg,1cu6rq\c9k5pqu_0_mask.png,1,tampered
1cueig,1cueig\1cueig_orig.jpg,,0,original
1cueig,1cueig\c9kajwp_0.jpg,1cueig\c9kajwp_0_mask.png,1,tampered
1cufzj,1cufzj\1cufzj_orig.jpg,,0,original
1cufzj,1cufzj\c9k4d7o_0.jpg,1cufzj\c9k4d7o_0_mask.png,1,tampered
1cufzj,1cufzj\c9k9w0q_0.jpg,1cufzj\c9k9w0q_0_mask.png,1,tampered
1cufzj,1cufzj\c9kdajw_0.png,1cufzj\c9kdajw_0_mask.png,1,tampered
1cufzj,1cufzj\c9kjun7_0.jpg,1cufzj\c9kjun7_0_mask.png,1,tampered
1cw5cy,1cw5cy\1cw5cy_orig.jpg,,0,original
1cw5cy,1cw5cy\c9kkyc7_0.jpg,1cw5cy\c9kkyc7_0_mask.png,1,tampered
1cw5cy,1cw5cy\c9kl1ld_0.png,1cw5cy\c9kl1ld_0_mask.png,1,tampered
1cw5cy,1cw5cy\c9kldmk_0.jpg,1cw5cy\c9kldmk_0_mask.png,1,tampered
1cw5cy,1cw5cy\c9kliff_0.jpg,1cw5cy\c9kliff_0_mask.png,1,tampered
1cw5cy,1cw5cy\c9klnxl_0.jpg,1cw5cy\c9klnxl_0_mask.png,1,tampered
1cw5cy,1cw5cy\c9kloca_0.jpg,1cw5cy\c9kloca_0_mask.png,1,tampered
1cw5cy,1cw5cy\c9klqw1_0.jpg,1cw5cy\c9klqw1_0_mask.png,1,tampered
1cw5cy,1cw5cy\c9kmx4q_0.jpg,1cw5cy\c9kmx4q_0_mask.png,1,tampered
1cw5cy,1cw5cy\c9kn2yy_0.png,1cw5cy\c9kn2yy_0_mask.png,1,tampered
1cw5cy,1cw5cy\c9kn5q6_0.png,1cw5cy\c9kn5q6_0_mask.png,1,tampered
1cw5cy,1cw5cy\c9knqlg_0.png,1cw5cy\c9knqlg_0_mask.png,1,tampered
1cw5cy,1cw5cy\c9knukz_0.jpg,1cw5cy\c9knukz_0_mask.png,1,tampered
1cw5cy,1cw5cy\c9ko6vm_0.jpg,1cw5cy\c9ko6vm_0_mask.png,1,tampered
1cw5cy,1cw5cy\c9kp1yg_0.jpg,1cw5cy\c9kp1yg_0_mask.png,1,tampered
1cw5cy,1cw5cy\c9kqck4_0.jpg,1cw5cy\c9kqck4_0_mask.png,1,tampered
1cw5cy,1cw5cy\c9kums5_0.jpg,1cw5cy\c9kums5_0_mask.png,1,tampered
1cw5cy,1cw5cy\c9kyp1k_0.jpg,1cw5cy\c9kyp1k_0_mask.png,1,tampered
1cxotg,1cxotg\1cxotg_orig.jpg,,0,original
1cxotg,1cxotg\c9kym5f_0.jpg,1cxotg\c9kym5f_0_mask.png,1,tampered
1cxotg,1cxotg\c9kyq67_0.jpg,1cxotg\c9kyq67_0_mask.png,1,tampered
1cxotg,1cxotg\c9kzet8_0.jpg,1cxotg\c9kzet8_0_mask.png,1,tampered
1cy4bb,1cy4bb\1cy4bb_orig.jpg,,0,original
1cy4bb,1cy4bb\c9l5ksv_0.jpg,1cy4bb\c9l5ksv_0_mask.png,1,tampered
1cy4bb,1cy4bb\c9l5lkt_0.jpg,1cy4bb\c9l5lkt_0_mask.png,1,tampered
1cy4bb,1cy4bb\c9l6nsf_0.jpg,1cy4bb\c9l6nsf_0_mask.png,1,tampered
1cy4bb,1cy4bb\c9l6uz2_0.jpg,1cy4bb\c9l6uz2_0_mask.png,1,tampered
1cy4bb,1cy4bb\c9l707b_0.jpg,1cy4bb\c9l707b_0_mask.png,1,tampered
1cy4bb,1cy4bb\c9l75x0_0.jpg,1cy4bb\c9l75x0_0_mask.png,1,tampered
1cy4bb,1cy4bb\c9l7j1r_0.jpg,1cy4bb\c9l7j1r_0_mask.png,1,tampered
1cy4bb,1cy4bb\c9l7lmt_0.jpg,1cy4bb\c9l7lmt_0_mask.png,1,tampered
1cy4bb,1cy4bb\c9l7ppj_0.jpg,1cy4bb\c9l7ppj_0_mask.png,1,tampered
1cy4bb,1cy4bb\c9l89l2_0.jpg,1cy4bb\c9l89l2_0_mask.png,1,tampered
1cy4bb,1cy4bb\c9l8asi_0.jpg,1cy4bb\c9l8asi_0_mask.png,1,tampered
1cy4bb,1cy4bb\c9l8c1u_0.png,1cy4bb\c9l8c1u_0_mask.png,1,tampered
1cy4bb,1cy4bb\c9laeqh_0.jpg,1cy4bb\c9laeqh_0_mask.png,1,tampered
1cy4bb,1cy4bb\c9lat0v_0.jpg,1cy4bb\c9lat0v_0_mask.png,1,tampered
1cy4bb,1cy4bb\c9lazy2_0.jpg,1cy4bb\c9lazy2_0_mask.png,1,tampered
1cy4bb,1cy4bb\c9lcj56_0.jpg,1cy4bb\c9lcj56_0_mask.png,1,tampered
1cyazy,1cyazy\1cyazy_orig.jpg,,0,original
1cyazy,1cyazy\c9l4y7e_0.jpg,1cyazy\c9l4y7e_0_mask.png,1,tampered
1cyazy,1cyazy\c9l6bwf_0.jpg,1cyazy\c9l6bwf_0_mask.png,1,tampered
1czwh6,1czwh6\1czwh6_orig.jpg,,0,original
1czwh6,1czwh6\c9lkxdi_0.png,1czwh6\c9lkxdi_0_mask.png,1,tampered
1czwh6,1czwh6\c9lkzn4_0.jpg,1czwh6\c9lkzn4_0_mask.png,1,tampered
1czwh6,1czwh6\c9ll4vo_0.jpg,1czwh6\c9ll4vo_0_mask.png,1,tampered
1czwh6,1czwh6\c9ll7hu_0.jpg,1czwh6\c9ll7hu_0_mask.png,1,tampered
1czwh6,1czwh6\c9ll8td_0.jpg,1czwh6\c9ll8td_0_mask.png,1,tampered
1czwh6,1czwh6\c9ln0pg_0.jpg,1czwh6\c9ln0pg_0_mask.png,1,tampered
1czwh6,1czwh6\c9lnb0l_0.jpg,1czwh6\c9lnb0l_0_mask.png,1,tampered
1d05a0,1d05a0\1d05a0_orig.jpg,,0,original
1d05a0,1d05a0\c9lmn3m_0.jpg,1d05a0\c9lmn3m_0_mask.png,1,tampered
1d05a0,1d05a0\c9ln2lz_0.jpg,1d05a0\c9ln2lz_0_mask.png,1,tampered
1d05a0,1d05a0\c9lnfms_0.jpg,1d05a0\c9lnfms_0_mask.png,1,tampered
1d05a0,1d05a0\c9lp8gw_0.jpg,1d05a0\c9lp8gw_0_mask.png,1,tampered
1d05a0,1d05a0\c9lqbfv_0.jpg,1d05a0\c9lqbfv_0_mask.png,1,tampered
1d05a0,1d05a0\c9lqecr_0.png,1d05a0\c9lqecr_0_mask.png,1,tampered
1d05a0,1d05a0\c9lqual_0.jpg,1d05a0\c9lqual_0_mask.png,1,tampered
1d05a0,1d05a0\c9lqv7f_0.jpg,1d05a0\c9lqv7f_0_mask.png,1,tampered
1d05a0,1d05a0\c9lrb3p_0.jpg,1d05a0\c9lrb3p_0_mask.png,1,tampered
1d05a0,1d05a0\c9lrubh_0.jpg,1d05a0\c9lrubh_0_mask.png,1,tampered
1d05a0,1d05a0\c9lt1dp_0.jpg,1d05a0\c9lt1dp_0_mask.png,1,tampered
1d05a0,1d05a0\c9ltnkp_0.jpg,1d05a0\c9ltnkp_0_mask.png,1,tampered
1d05a0,1d05a0\c9ltxrr_0.jpg,1d05a0\c9ltxrr_0_mask.png,1,tampered
1d05a0,1d05a0\c9lvqgs_0.jpg,1d05a0\c9lvqgs_0_mask.png,1,tampered
1d05a0,1d05a0\c9lyu4h_0.jpg,1d05a0\c9lyu4h_0_mask.png,1,tampered
1d0bba,1d0bba\1d0bba_orig.jpg,,0,original
1d0bba,1d0bba\c9lnnea_0.jpg,1d0bba\c9lnnea_0_mask.png,1,tampered
1d0bba,1d0bba\c9lnp9v_0.jpg,1d0bba\c9lnp9v_0_mask.png,1,tampered
1d0csx,1d0csx\1d0csx_orig.jpg,,0,original
1d0csx,1d0csx\c9lo9be_0.jpg,1d0csx\c9lo9be_0_mask.png,1,tampered
1d0csx,1d0csx\c9lofx5_0.jpg,1d0csx\c9lofx5_0_mask.png,1,tampered
1d0csx,1d0csx\c9lon94_0.png,1d0csx\c9lon94_0_mask.png,1,tampered
1d0csx,1d0csx\c9lpuor_0.jpg,1d0csx\c9lpuor_0_mask.png,1,tampered
1d0csx,1d0csx\c9lqv8m_0.jpg,1d0csx\c9lqv8m_0_mask.png,1,tampered
1d0csx,1d0csx\c9lvns7_0.jpg,1d0csx\c9lvns7_0_mask.png,1,tampered
1d0g26,1d0g26\1d0g26_orig.jpg,,0,original
1d0g26,1d0g26\c9ltbe6_0.jpg,1d0g26\c9ltbe6_0_mask.png,1,tampered
1d0g26,1d0g26\c9lvfdp_0.jpg,1d0g26\c9lvfdp_0_mask.png,1,tampered
1d0m2h,1d0m2h\1d0m2h_orig.jpg,,0,original
1d0m2h,1d0m2h\c9lqz29_0.jpg,1d0m2h\c9lqz29_0_mask.png,1,tampered
1d0m2h,1d0m2h\c9ls62j_0.jpg,1d0m2h\c9ls62j_0_mask.png,1,tampered
1d0m2h,1d0m2h\c9lslic_0.jpg,1d0m2h\c9lslic_0_mask.png,1,tampered
1d1888,1d1888\1d1888_orig.jpg,,0,original
1d1888,1d1888\c9m5ndi_0.jpg,1d1888\c9m5ndi_0_mask.png,1,tampered
1d1dgt,1d1dgt\1d1dgt_orig.jpg,,0,original
1d1dgt,1d1dgt\c9lyit5_0.jpg,1d1dgt\c9lyit5_0_mask.png,1,tampered
1d1dgt,1d1dgt\c9lz131_0.jpg,1d1dgt\c9lz131_0_mask.png,1,tampered
1d1dgt,1d1dgt\c9m1ged_0.jpg,1d1dgt\c9m1ged_0_mask.png,1,tampered
1d1dgt,1d1dgt\c9m1ree_0.jpg,1d1dgt\c9m1ree_0_mask.png,1,tampered
1d1dgt,1d1dgt\c9m8hr9_0.png,1d1dgt\c9m8hr9_0_mask.png,1,tampered
1d1dgt,1d1dgt\c9mdh2i_0.jpg,1d1dgt\c9mdh2i_0_mask.png,1,tampered
1d304x,1d304x\1d304x_orig.jpg,,0,original
1d304x,1d304x\c9mdqpy_0.jpg,1d304x\c9mdqpy_0_mask.png,1,tampered
1d304x,1d304x\c9mhcvf_0.jpg,1d304x\c9mhcvf_0_mask.png,1,tampered
1d3556,1d3556\1d3556_orig.jpg,,0,original
1d3556,1d3556\c9mf9lg_0.jpg,1d3556\c9mf9lg_0_mask.png,1,tampered
1d3556,1d3556\c9mfrd2_0.jpg,1d3556\c9mfrd2_0_mask.png,1,tampered
1d3556,1d3556\c9mfypt_0.jpg,1d3556\c9mfypt_0_mask.png,1,tampered
1d3556,1d3556\c9mgiwj_0.jpg,1d3556\c9mgiwj_0_mask.png,1,tampered
1d3556,1d3556\c9mgqt3_0.jpg,1d3556\c9mgqt3_0_mask.png,1,tampered
1d3556,1d3556\c9mgyh0_0.jpg,1d3556\c9mgyh0_0_mask.png,1,tampered
1d3556,1d3556\c9mho3e_0.jpg,1d3556\c9mho3e_0_mask.png,1,tampered
1d3556,1d3556\c9mht38_0.jpg,1d3556\c9mht38_0_mask.png,1,tampered
1d3556,1d3556\c9mib1x_0.jpg,1d3556\c9mib1x_0_mask.png,1,tampered
1d3556,1d3556\c9mic78_0.jpg,1d3556\c9mic78_0_mask.png,1,tampered
1d3556,1d3556\c9mivhd_0.jpg,1d3556\c9mivhd_0_mask.png,1,tampered
1d3556,1d3556\c9mjrvb_0.jpg,1d3556\c9mjrvb_0_mask.png,1,tampered
1d3556,1d3556\c9mjv8c_0.jpg,1d3556\c9mjv8c_0_mask.png,1,tampered
1d3556,1d3556\c9ml96z_0.jpg,1d3556\c9ml96z_0_mask.png,1,tampered
1d3556,1d3556\c9mlghk_0.jpg,1d3556\c9mlghk_0_mask.png,1,tampered
1d3556,1d3556\c9mpeuk_0.jpg,1d3556\c9mpeuk_0_mask.png,1,tampered
1d3556,1d3556\c9mriaz_0.jpg,1d3556\c9mriaz_0_mask.png,1,tampered
1d3556,1d3556\c9mtfwz_0.jpg,1d3556\c9mtfwz_0_mask.png,1,tampered
1d3556,1d3556\c9mvlue_0.jpg,1d3556\c9mvlue_0_mask.png,1,tampered
1d4apg,1d4apg\1d4apg_orig.jpg,,0,original
1d4apg,1d4apg\c9msbgg_0.jpg,1d4apg\c9msbgg_0_mask.png,1,tampered
1d4apg,1d4apg\c9mtwu3_0.jpg,1d4apg\c9mtwu3_0_mask.png,1,tampered
1d5zdj,1d5zdj\1d5zdj_orig.jpg,,0,original
1d5zdj,1d5zdj\c9nds5g_0.jpg,1d5zdj\c9nds5g_0_mask.png,1,tampered
1d5zdj,1d5zdj\c9nf4zp_0.jpg,1d5zdj\c9nf4zp_0_mask.png,1,tampered
1d6ase,1d6ase\1d6ase_orig.jpg,,0,original
1d6ase,1d6ase\c9nb0ph_0.jpg,1d6ase\c9nb0ph_0_mask.png,1,tampered
1d6ase,1d6ase\c9nfw8h_0.jpg,1d6ase\c9nfw8h_0_mask.png,1,tampered
1d6mhe,1d6mhe\d6mhe_orig.jpg,,0,original
1d6mhe,1d6mhe\c9nfts5_0.jpg,1d6mhe\c9nfts5_0_mask.png,1,tampered
1d7oxn,1d7oxn\1d7oxn_orig.jpg,,0,original
1d7oxn,1d7oxn\c9nqp2a_0.jpg,1d7oxn\c9nqp2a_0_mask.png,1,tampered
1d7oxn,1d7oxn\c9nt2o8_0.jpg,1d7oxn\c9nt2o8_0_mask.png,1,tampered
1d7oxn,1d7oxn\c9nut9u_0.jpg,1d7oxn\c9nut9u_0_mask.png,1,tampered
1d84o7,1d84o7\1d84o7_orig.jpg,,0,original
1d84o7,1d84o7\c9nty5e_0.jpg,1d84o7\c9nty5e_0_mask.png,1,tampered
1d84o7,1d84o7\c9nu96c_0.jpg,1d84o7\c9nu96c_0_mask.png,1,tampered
1d84o7,1d84o7\c9nuhbj_0.jpg,1d84o7\c9nuhbj_0_mask.png,1,tampered
1d84o7,1d84o7\c9nuvz4_0.jpg,1d84o7\c9nuvz4_0_mask.png,1,tampered
1d84o7,1d84o7\c9nv7k9_0.png,1d84o7\c9nv7k9_0_mask.png,1,tampered
1d84o7,1d84o7\c9nvnml_0.jpg,1d84o7\c9nvnml_0_mask.png,1,tampered
1d84o7,1d84o7\c9nwdn2_0.jpg,1d84o7\c9nwdn2_0_mask.png,1,tampered
1d84o7,1d84o7\c9nxok1_0.jpg,1d84o7\c9nxok1_0_mask.png,1,tampered
1d84o7,1d84o7\c9nxy4w_0.png,1d84o7\c9nxy4w_0_mask.png,1,tampered
1d84o7,1d84o7\c9nzsmx_0.jpg,1d84o7\c9nzsmx_0_mask.png,1,tampered
1d84o7,1d84o7\c9nzxnk_0.jpg,1d84o7\c9nzxnk_0_mask.png,1,tampered
1d84o7,1d84o7\c9o1k73_0.jpg,1d84o7\c9o1k73_0_mask.png,1,tampered
1d84o7,1d84o7\c9o1y6b_0.jpg,1d84o7\c9o1y6b_0_mask.png,1,tampered
1d860v,1d860v\1d860v_orig.jpg,,0,original
1d860v,1d860v\c9nuh5z_0.jpg,1d860v\c9nuh5z_0_mask.png,1,tampered
1d860v,1d860v\c9nxumx_0.jpg,1d860v\c9nxumx_0_mask.png,1,tampered
1d860v,1d860v\c9nxx81_0.png,1d860v\c9nxx81_0_mask.png,1,tampered
1d860v,1d860v\c9o51n8_0.jpg,1d860v\c9o51n8_0_mask.png,1,tampered
1d86gr,1d86gr\1d86gr_orig.jpg,,0,original
1d86gr,1d86gr\c9nwr7t_0.jpg,1d86gr\c9nwr7t_0_mask.png,1,tampered
1d86gr,1d86gr\c9nx3jn_0.jpg,1d86gr\c9nx3jn_0_mask.png,1,tampered
1d8gti,1d8gti\1d8gti_orig.jpg,,0,original
1d8gti,1d8gti\c9nz0zs_0.jpg,1d8gti\c9nz0zs_0_mask.png,1,tampered
1d8gti,1d8gti\c9o08b5_0.jpg,1d8gti\c9o08b5_0_mask.png,1,tampered
1d8gti,1d8gti\c9o1yg4_0.jpg,1d8gti\c9o1yg4_0_mask.png,1,tampered
1d8gti,1d8gti\c9o2ydg_0.jpg,1d8gti\c9o2ydg_0_mask.png,1,tampered
1d8gti,1d8gti\c9o4h65_0.jpg,1d8gti\c9o4h65_0_mask.png,1,tampered
1d8gti,1d8gti\c9o54v5_0.jpg,1d8gti\c9o54v5_0_mask.png,1,tampered
1d8gti,1d8gti\c9o5mjb_0.jpg,1d8gti\c9o5mjb_0_mask.png,1,tampered
1d8gti,1d8gti\c9o6082_0.jpg,1d8gti\c9o6082_0_mask.png,1,tampered
1d8gti,1d8gti\c9o6e0q_0.png,1d8gti\c9o6e0q_0_mask.png,1,tampered
1d8yzu,1d8yzu\1d8yzu_orig.jpg,,0,original
1d8yzu,1d8yzu\c9o85b2_0.png,1d8yzu\c9o85b2_0_mask.png,1,tampered
1d9ly5,1d9ly5\1d9ly5_orig.jpg,,0,original
1d9ly5,1d9ly5\c9o87nu_0.jpg,1d9ly5\c9o87nu_0_mask.png,1,tampered
1d9ly5,1d9ly5\c9o8vr7_0.jpg,1d9ly5\c9o8vr7_0_mask.png,1,tampered
1d9ly5,1d9ly5\c9o979d_0.jpg,1d9ly5\c9o979d_0_mask.png,1,tampered
1d9ly5,1d9ly5\c9oc4q6_0.jpg,1d9ly5\c9oc4q6_0_mask.png,1,tampered
1d9puw,1d9puw\1d9puw_orig.jpg,,0,original
1d9puw,1d9puw\c9ocka2_0.png,1d9puw\c9ocka2_0_mask.png,1,tampered
1d9ygm,1d9ygm\1d9ygm_orig.jpg,,0,original
1d9ygm,1d9ygm\c9ockip_0.jpg,1d9ygm\c9ockip_0_mask.png,1,tampered
1d9ygm,1d9ygm\c9od2bp_0.jpg,1d9ygm\c9od2bp_0_mask.png,1,tampered
1d9ygm,1d9ygm\c9oe4ae_0.jpg,1d9ygm\c9oe4ae_0_mask.png,1,tampered
1d9ygm,1d9ygm\c9oe89a_0.jpg,1d9ygm\c9oe89a_0_mask.png,1,tampered
1d9ygm,1d9ygm\c9oexva_0.jpg,1d9ygm\c9oexva_0_mask.png,1,tampered
1da0ta,1da0ta\1da0ta_orig.jpg,,0,original
1da0ta,1da0ta\c9oej2d_0.jpg,1da0ta\c9oej2d_0_mask.png,1,tampered
1da0ta,1da0ta\c9ogiu1_0.jpg,1da0ta\c9ogiu1_0_mask.png,1,tampered
1da0ta,1da0ta\c9ohsnw_0.jpg,1da0ta\c9ohsnw_0_mask.png,1,tampered
1da0ta,1da0ta\c9oinbz_0.jpg,1da0ta\c9oinbz_0_mask.png,1,tampered
1da0ta,1da0ta\c9oiun2_0.jpg,1da0ta\c9oiun2_0_mask.png,1,tampered
1da0ta,1da0ta\c9ojssa_0.jpg,1da0ta\c9ojssa_0_mask.png,1,tampered
1da0ta,1da0ta\c9omlsl_0.jpg,1da0ta\c9omlsl_0_mask.png,1,tampered
1dbul3,1dbul3\1dbul3_orig.jpg,,0,original
1dbul3,1dbul3\c9owhds_0.jpg,1dbul3\c9owhds_0_mask.png,1,tampered
1dbul3,1dbul3\c9owniu_0.jpg,1dbul3\c9owniu_0_mask.png,1,tampered
1dbul3,1dbul3\c9oz0g4_0.jpg,1dbul3\c9oz0g4_0_mask.png,1,tampered
1dbul3,1dbul3\c9ozu20_0.jpg,1dbul3\c9ozu20_0_mask.png,1,tampered
1dbul3,1dbul3\c9p0mfv_0.jpg,1dbul3\c9p0mfv_0_mask.png,1,tampered
1dbul3,1dbul3\c9p5bmr_0.jpg,1dbul3\c9p5bmr_0_mask.png,1,tampered
1dc54a,1dc54a\1dc54a_orig.jpg,,0,original
1dc54a,1dc54a\c9owyxs_0.jpg,1dc54a\c9owyxs_0_mask.png,1,tampered
1dc54a,1dc54a\c9ozb2v_0.jpg,1dc54a\c9ozb2v_0_mask.png,1,tampered
1dc9sm,1dc9sm\1dc9sm_orig.jpg,,0,original
1dc9sm,1dc9sm\c9oz87d_0.jpg,1dc9sm\c9oz87d_0_mask.png,1,tampered
1dc9sm,1dc9sm\c9ozajr_0.jpg,1dc9sm\c9ozajr_0_mask.png,1,tampered
1dc9sm,1dc9sm\c9ozgv4_0.jpg,1dc9sm\c9ozgv4_0_mask.png,1,tampered
1dc9sm,1dc9sm\c9p01qy_0.jpg,1dc9sm\c9p01qy_0_mask.png,1,tampered
1dc9sm,1dc9sm\c9p1j4k_0.jpg,1dc9sm\c9p1j4k_0_mask.png,1,tampered
1dc9sm,1dc9sm\c9p2hfz_0.png,1dc9sm\c9p2hfz_0_mask.png,1,tampered
1dc9sm,1dc9sm\c9p4sou_0.jpg,1dc9sm\c9p4sou_0_mask.png,1,tampered
1dc9sm,1dc9sm\c9p6j5b_0.jpg,1dc9sm\c9p6j5b_0_mask.png,1,tampered
1dc9sm,1dc9sm\c9p7smn_0.jpg,1dc9sm\c9p7smn_0_mask.png,1,tampered
1dc9sm,1dc9sm\c9pgah7_0.jpg,1dc9sm\c9pgah7_0_mask.png,1,tampered
1de6me,1de6me\1de6me_orig.jpg,,0,original
1de6me,1de6me\c9pged8_0.png,1de6me\c9pged8_0_mask.png,1,tampered
1de6me,1de6me\c9pgyxl_0.jpg,1de6me\c9pgyxl_0_mask.png,1,tampered
1de6me,1de6me\c9pju0e_0.jpg,1de6me\c9pju0e_0_mask.png,1,tampered
1de6me,1de6me\c9plxty_0.png,1de6me\c9plxty_0_mask.png,1,tampered
1de6me,1de6me\c9pmle5_0.jpg,1de6me\c9pmle5_0_mask.png,1,tampered
1de6me,1de6me\c9pmyfj_0.jpg,1de6me\c9pmyfj_0_mask.png,1,tampered
1de6me,1de6me\c9pnjfr_0.jpg,1de6me\c9pnjfr_0_mask.png,1,tampered
1de6me,1de6me\c9pojdy_0.jpg,1de6me\c9pojdy_0_mask.png,1,tampered
1de6me,1de6me\c9pq1oo_0.jpg,1de6me\c9pq1oo_0_mask.png,1,tampered
1de6me,1de6me\c9pqiu6_0.jpg,1de6me\c9pqiu6_0_mask.png,1,tampered
1devsm,1devsm\1devsm_orig.jpg,,0,original
1devsm,1devsm\c9pmfw0_0.jpg,1devsm\c9pmfw0_0_mask.png,1,tampered
1devsm,1devsm\c9pmrb5_0.jpg,1devsm\c9pmrb5_0_mask.png,1,tampered
1devsm,1devsm\c9pmymm_0.jpg,1devsm\c9pmymm_0_mask.png,1,tampered
1devsm,1devsm\c9pn1gz_0.jpg,1devsm\c9pn1gz_0_mask.png,1,tampered
1devsm,1devsm\c9pn1hj_0.jpg,1devsm\c9pn1hj_0_mask.png,1,tampered
1devsm,1devsm\c9pnfbw_0.jpg,1devsm\c9pnfbw_0_mask.png,1,tampered
1devsm,1devsm\c9pnr75_0.jpg,1devsm\c9pnr75_0_mask.png,1,tampered
1devsm,1devsm\c9pnuvp_0.jpg,1devsm\c9pnuvp_0_mask.png,1,tampered
1df1ik,1df1ik\1df1ik_orig.jpg,,0,original
1df1ik,1df1ik\c9poq56_0.jpg,1df1ik\c9poq56_0_mask.png,1,tampered
1df1ik,1df1ik\c9pp2db_0.jpg,1df1ik\c9pp2db_0_mask.png,1,tampered
1df1ik,1df1ik\c9ppuxs_0.jpg,1df1ik\c9ppuxs_0_mask.png,1,tampered
1df1ik,1df1ik\c9pqbmt_0.jpg,1df1ik\c9pqbmt_0_mask.png,1,tampered
1df1ik,1df1ik\c9prbhe_0.jpg,1df1ik\c9prbhe_0_mask.png,1,tampered
1df1ik,1df1ik\c9pse6z_0.jpg,1df1ik\c9pse6z_0_mask.png,1,tampered
1df1ik,1df1ik\c9pskj4_0.jpg,1df1ik\c9pskj4_0_mask.png,1,tampered
1df1ik,1df1ik\c9pu31c_0.jpg,1df1ik\c9pu31c_0_mask.png,1,tampered
1df1ik,1df1ik\c9pufrq_0.jpg,1df1ik\c9pufrq_0_mask.png,1,tampered
1df1ik,1df1ik\c9pw7al_0.jpg,1df1ik\c9pw7al_0_mask.png,1,tampered
1df1ik,1df1ik\c9px7bq_0.jpg,1df1ik\c9px7bq_0_mask.png,1,tampered
1df1ik,1df1ik\c9pxyb3_0.jpg,1df1ik\c9pxyb3_0_mask.png,1,tampered
1df8mm,1df8mm\1df8mm_orig.jpg,,0,original
1df8mm,1df8mm\c9prszs_0.jpg,1df8mm\c9prszs_0_mask.png,1,tampered
1df8mm,1df8mm\c9prwxt_0.png,1df8mm\c9prwxt_0_mask.png,1,tampered
1df8mm,1df8mm\c9ps27s_0.jpg,1df8mm\c9ps27s_0_mask.png,1,tampered
1df8mm,1df8mm\c9q0ksk_0.jpg,1df8mm\c9q0ksk_0_mask.png,1,tampered
1dh4tu,1dh4tu\1dh4tu_orig.jpg,,0,original
1dh4tu,1dh4tu\c9q9vd2_0.jpg,1dh4tu\c9q9vd2_0_mask.png,1,tampered
1dh4tu,1dh4tu\c9qa0jn_0.jpg,1dh4tu\c9qa0jn_0_mask.png,1,tampered
1dh4tu,1dh4tu\c9qa804_0.jpg,1dh4tu\c9qa804_0_mask.png,1,tampered
1dh4tu,1dh4tu\c9qeolo_0.jpg,1dh4tu\c9qeolo_0_mask.png,1,tampered
1dh4tu,1dh4tu\c9qfggr_0.jpg,1dh4tu\c9qfggr_0_mask.png,1,tampered
1dh4tu,1dh4tu\c9qh57b_0.jpg,1dh4tu\c9qh57b_0_mask.png,1,tampered
1dh4tu,1dh4tu\c9qj2yg_0.jpg,1dh4tu\c9qj2yg_0_mask.png,1,tampered
1dh4tu,1dh4tu\c9qjqw1_0.jpg,1dh4tu\c9qjqw1_0_mask.png,1,tampered
1dh9dg,1dh9dg\1dh9dg_orig.jpg,,0,original
1dh9dg,1dh9dg\c9qbapf_0.jpg,1dh9dg\c9qbapf_0_mask.png,1,tampered
1dh9dg,1dh9dg\c9qbb3c_0.jpg,1dh9dg\c9qbb3c_0_mask.png,1,tampered
1dh9dg,1dh9dg\c9qbf36_0.jpg,1dh9dg\c9qbf36_0_mask.png,1,tampered
1dh9dg,1dh9dg\c9qbijq_0.jpg,1dh9dg\c9qbijq_0_mask.png,1,tampered
1dh9dg,1dh9dg\c9qbl44_0.png,1dh9dg\c9qbl44_0_mask.png,1,tampered
1dh9dg,1dh9dg\c9qblv3_0.jpg,1dh9dg\c9qblv3_0_mask.png,1,tampered
1dh9dg,1dh9dg\c9qbopn_0.jpg,1dh9dg\c9qbopn_0_mask.png,1,tampered
1dh9dg,1dh9dg\c9qbqiy_0.jpg,1dh9dg\c9qbqiy_0_mask.png,1,tampered
1dh9dg,1dh9dg\c9qbx13_0.png,1dh9dg\c9qbx13_0_mask.png,1,tampered
1dh9dg,1dh9dg\c9qc61f_0.jpg,1dh9dg\c9qc61f_0_mask.png,1,tampered
1dh9dg,1dh9dg\c9qcjlz_0.jpg,1dh9dg\c9qcjlz_0_mask.png,1,tampered
1dh9dg,1dh9dg\c9qck5s_0.jpg,1dh9dg\c9qck5s_0_mask.png,1,tampered
1dh9dg,1dh9dg\c9qclh8_0.jpg,1dh9dg\c9qclh8_0_mask.png,1,tampered
1dh9dg,1dh9dg\c9qct83_0.png,1dh9dg\c9qct83_0_mask.png,1,tampered
1dh9dg,1dh9dg\c9qd0uq_0.jpg,1dh9dg\c9qd0uq_0_mask.png,1,tampered
1dh9dg,1dh9dg\c9qdz3g_0.jpg,1dh9dg\c9qdz3g_0_mask.png,1,tampered
1dh9dg,1dh9dg\c9qf78w_0.jpg,1dh9dg\c9qf78w_0_mask.png,1,tampered
1dh9dg,1dh9dg\c9qf8d5_0.jpg,1dh9dg\c9qf8d5_0_mask.png,1,tampered
1dh9dg,1dh9dg\c9qfljn_0.jpg,1dh9dg\c9qfljn_0_mask.png,1,tampered
1dh9dg,1dh9dg\c9qgjzt_0.jpg,1dh9dg\c9qgjzt_0_mask.png,1,tampered
1dh9dg,1dh9dg\c9qgsja_0.jpg,1dh9dg\c9qgsja_0_mask.png,1,tampered
1dh9dg,1dh9dg\c9qhgpe_0.jpg,1dh9dg\c9qhgpe_0_mask.png,1,tampered
1dh9dg,1dh9dg\c9qhy6w_0.jpg,1dh9dg\c9qhy6w_0_mask.png,1,tampered
1dh9dg,1dh9dg\c9qlwig_0.jpg,1dh9dg\c9qlwig_0_mask.png,1,tampered
1dh9dg,1dh9dg\c9qlz7i_0.jpg,1dh9dg\c9qlz7i_0_mask.png,1,tampered
1dh9dg,1dh9dg\c9qm1u8_0.jpg,1dh9dg\c9qm1u8_0_mask.png,1,tampered
1dhgfj,1dhgfj\1dhgfj_orig.jpg,,0,original
1dhgfj,1dhgfj\c9qchcl_0.jpg,1dhgfj\c9qchcl_0_mask.png,1,tampered
1dhgfj,1dhgfj\c9qesys_0.jpg,1dhgfj\c9qesys_0_mask.png,1,tampered
1dhgfj,1dhgfj\c9qf9n8_0.jpg,1dhgfj\c9qf9n8_0_mask.png,1,tampered
1dhobr,1dhobr\1dhobr_orig.jpg,,0,original
1dhobr,1dhobr\c9qgg7m_0.png,1dhobr\c9qgg7m_0_mask.png,1,tampered
1dhobr,1dhobr\c9qhtma_0.jpg,1dhobr\c9qhtma_0_mask.png,1,tampered
1dhs34,1dhs34\1dhs34_orig.jpg,,0,original
1dhs34,1dhs34\c9ql7s0_0.jpg,1dhs34\c9ql7s0_0_mask.png,1,tampered
1dhtj0,1dhtj0\1dhtj0_orig.jpg,,0,original
1dhtj0,1dhtj0\c9qjgce_0.jpg,1dhtj0\c9qjgce_0_mask.png,1,tampered
1di4sz,1di4sz\1di4sz_orig.jpg,,0,original
1di4sz,1di4sz\c9qn2pn_0.jpg,1di4sz\c9qn2pn_0_mask.png,1,tampered
1diu8r,1diu8r\1diu8r_orig.jpg,,0,original
1diu8r,1diu8r\c9qqxbn_0.jpg,1diu8r\c9qqxbn_0_mask.png,1,tampered
1djp9t,1djp9t\1djp9t_orig.jpg,,0,original
1djp9t,1djp9t\c9r01uk_0.jpg,1djp9t\c9r01uk_0_mask.png,1,tampered
1djp9t,1djp9t\c9r0i3p_0.jpg,1djp9t\c9r0i3p_0_mask.png,1,tampered
1djp9t,1djp9t\c9r11np_0.jpg,1djp9t\c9r11np_0_mask.png,1,tampered
1djp9t,1djp9t\c9r1x9k_0.jpg,1djp9t\c9r1x9k_0_mask.png,1,tampered
1djp9t,1djp9t\c9r1yor_0.jpg,1djp9t\c9r1yor_0_mask.png,1,tampered
1djp9t,1djp9t\c9r227u_0.jpg,1djp9t\c9r227u_0_mask.png,1,tampered
1djp9t,1djp9t\c9r55jp_0.jpg,1djp9t\c9r55jp_0_mask.png,1,tampered
1djp9t,1djp9t\c9r8my1_0.jpg,1djp9t\c9r8my1_0_mask.png,1,tampered
1djqwm,1djqwm\1djqwm_orig.jpg,,0,original
1djqwm,1djqwm\c9r116y_0.jpg,1djqwm\c9r116y_0_mask.png,1,tampered
1djqwm,1djqwm\c9r4jzf_0.jpg,1djqwm\c9r4jzf_0_mask.png,1,tampered
1djqwm,1djqwm\c9r4vts_0.jpg,1djqwm\c9r4vts_0_mask.png,1,tampered
1djqwm,1djqwm\c9r5xdn_0.jpg,1djqwm\c9r5xdn_0_mask.png,1,tampered
1djqwm,1djqwm\c9r6gfi_0.jpg,1djqwm\c9r6gfi_0_mask.png,1,tampered
1djqwm,1djqwm\c9r6r63_0.jpg,1djqwm\c9r6r63_0_mask.png,1,tampered
1djqwm,1djqwm\c9r6z10_0.jpg,1djqwm\c9r6z10_0_mask.png,1,tampered
1djqwm,1djqwm\c9r7c3k_0.jpg,1djqwm\c9r7c3k_0_mask.png,1,tampered
1djqwm,1djqwm\c9r7lra_0.jpg,1djqwm\c9r7lra_0_mask.png,1,tampered
1djqwm,1djqwm\c9r7vrf_0.jpg,1djqwm\c9r7vrf_0_mask.png,1,tampered
1djqwm,1djqwm\c9r8uoc_0.jpg,1djqwm\c9r8uoc_0_mask.png,1,tampered
1djqwm,1djqwm\c9r9pvh_0.jpg,1djqwm\c9r9pvh_0_mask.png,1,tampered
1djqwm,1djqwm\c9r9rgc_0.jpg,1djqwm\c9r9rgc_0_mask.png,1,tampered
1djqwm,1djqwm\c9raw4l_0.jpg,1djqwm\c9raw4l_0_mask.png,1,tampered
1djqwm,1djqwm\c9rci56_0.jpg,1djqwm\c9rci56_0_mask.png,1,tampered
1djzgt,1djzgt\1djzgt_orig.jpg,,0,original
1djzgt,1djzgt\c9r2mxr_0.jpg,1djzgt\c9r2mxr_0_mask.png,1,tampered
1dln2g,1dln2g\1dln2g_orig.jpg,,0,original
1dln2g,1dln2g\c9riqoh_0.jpg,1dln2g\c9riqoh_0_mask.png,1,tampered
1dln2g,1dln2g\c9riv1o_0.jpg,1dln2g\c9riv1o_0_mask.png,1,tampered
1dln2g,1dln2g\c9rj3zp_0.jpg,1dln2g\c9rj3zp_0_mask.png,1,tampered
1dln2g,1dln2g\c9rmr49_0.jpg,1dln2g\c9rmr49_0_mask.png,1,tampered
1dln2g,1dln2g\c9ro49b_0.jpg,1dln2g\c9ro49b_0_mask.png,1,tampered
1dln2g,1dln2g\c9roi3w_0.jpg,1dln2g\c9roi3w_0_mask.png,1,tampered
1dln2g,1dln2g\c9rp985_0.jpg,1dln2g\c9rp985_0_mask.png,1,tampered
1dln2g,1dln2g\c9rpaia_0.jpg,1dln2g\c9rpaia_0_mask.png,1,tampered
1dln2g,1dln2g\c9rrhbu_0.png,1dln2g\c9rrhbu_0_mask.png,1,tampered
1dm1ic,1dm1ic\1dm1ic_orig.jpg,,0,original
1dm1ic,1dm1ic\c9rsftz_0.jpg,1dm1ic\c9rsftz_0_mask.png,1,tampered
1dm1ic,1dm1ic\c9rwbtx_0.jpg,1dm1ic\c9rwbtx_0_mask.png,1,tampered
1dmcqo,1dmcqo\1dmcqo_orig.jpg,,0,original
1dmcqo,1dmcqo\c9rorcy_0.jpg,1dmcqo\c9rorcy_0_mask.png,1,tampered
1dmikm,1dmikm\1dmikm_orig.jpg,,0,original
1dmikm,1dmikm\c9ru0d5_0.jpg,1dmikm\c9ru0d5_0_mask.png,1,tampered
1dmikm,1dmikm\c9rv3bk_0.jpg,1dmikm\c9rv3bk_0_mask.png,1,tampered
1dmikm,1dmikm\c9rwfag_0.jpg,1dmikm\c9rwfag_0_mask.png,1,tampered
1dmikm,1dmikm\c9rx5mc_0.jpg,1dmikm\c9rx5mc_0_mask.png,1,tampered
1dmikm,1dmikm\c9rxhks_0.jpg,1dmikm\c9rxhks_0_mask.png,1,tampered
1dmikm,1dmikm\c9s0iit_0.jpg,1dmikm\c9s0iit_0_mask.png,1,tampered
1dmikm,1dmikm\c9s2tum_0.jpg,1dmikm\c9s2tum_0_mask.png,1,tampered
1dmmss,1dmmss\1dmmss_orig.jpg,,0,original
1dmmss,1dmmss\c9rsjqz_0.jpg,1dmmss\c9rsjqz_0_mask.png,1,tampered
1dnhng,1dnhng\1dnhng_orig.jpg,,0,original
1dnhng,1dnhng\c9s0eqx_0.jpg,1dnhng\c9s0eqx_0_mask.png,1,tampered
1dnhng,1dnhng\c9s0tj6_0.jpg,1dnhng\c9s0tj6_0_mask.png,1,tampered
1dnhng,1dnhng\c9s10kg_0.jpg,1dnhng\c9s10kg_0_mask.png,1,tampered
1dnko6,1dnko6\1dnko6_orig.jpg,,0,original
1dnko6,1dnko6\c9s5r36_0.png,1dnko6\c9s5r36_0_mask.png,1,tampered
1doaz6,1doaz6\1doaz6_orig.jpg,,0,original
1doaz6,1doaz6\c9s9ofo_0.jpg,1doaz6\c9s9ofo_0_mask.png,1,tampered
1doaz6,1doaz6\c9sasg7_0.jpg,1doaz6\c9sasg7_0_mask.png,1,tampered
1doaz6,1doaz6\c9sb09t_0.jpg,1doaz6\c9sb09t_0_mask.png,1,tampered
1doaz6,1doaz6\c9sbtl1_0.jpg,1doaz6\c9sbtl1_0_mask.png,1,tampered
1doaz6,1doaz6\c9sh0l8_0.jpg,1doaz6\c9sh0l8_0_mask.png,1,tampered
1doipu,1doipu\1doipu_orig.jpg,,0,original
1doipu,1doipu\c9sevmb_0.jpg,1doipu\c9sevmb_0_mask.png,1,tampered
1doo2u,1doo2u\1doo2u_orig.jpg,,0,original
1doo2u,1doo2u\c9sd8lt_0.jpg,1doo2u\c9sd8lt_0_mask.png,1,tampered
1doo2u,1doo2u\c9sl9vi_0.jpg,1doo2u\c9sl9vi_0_mask.png,1,tampered
1doo2u,1doo2u\c9snzf4_0.jpg,1doo2u\c9snzf4_0_mask.png,1,tampered
1dpa2u,1dpa2u\1dpa2u_orig.jpg,,0,original
1dpa2u,1dpa2u\c9sk4y8_0.jpg,1dpa2u\c9sk4y8_0_mask.png,1,tampered
1dpeca,1dpeca\1dpeca_orig.jpg,,0,original
1dpeca,1dpeca\c9skrua_0.jpg,1dpeca\c9skrua_0_mask.png,1,tampered
1dpeca,1dpeca\c9snbpi_0.png,1dpeca\c9snbpi_0_mask.png,1,tampered
1dpeca,1dpeca\c9sni90_0.jpg,1dpeca\c9sni90_0_mask.png,1,tampered
1dpeca,1dpeca\c9sol61_0.png,1dpeca\c9sol61_0_mask.png,1,tampered
1dpo10,1dpo10\1dpo10_orig.jpg,,0,original
1dpo10,1dpo10\c9smbbb_0.jpg,1dpo10\c9smbbb_0_mask.png,1,tampered
1dpo10,1dpo10\c9smxwp_0.jpg,1dpo10\c9smxwp_0_mask.png,1,tampered
1dpo10,1dpo10\c9spdmn_0.jpg,1dpo10\c9spdmn_0_mask.png,1,tampered
1dpo10,1dpo10\c9sq9wb_0.png,1dpo10\c9sq9wb_0_mask.png,1,tampered
1dpo10,1dpo10\c9ssolx_0.jpg,1dpo10\c9ssolx_0_mask.png,1,tampered
1dpo10,1dpo10\c9swoak_0.jpg,1dpo10\c9swoak_0_mask.png,1,tampered
1dqcce,1dqcce\1dqcce_orig.jpg,,0,original
1dqcce,1dqcce\c9sxszx_0.jpg,1dqcce\c9sxszx_0_mask.png,1,tampered
1dqcce,1dqcce\c9syk85_0.jpg,1dqcce\c9syk85_0_mask.png,1,tampered
1dqcce,1dqcce\c9sz63f_0.jpg,1dqcce\c9sz63f_0_mask.png,1,tampered
1dqcce,1dqcce\c9szqbq_0.jpg,1dqcce\c9szqbq_0_mask.png,1,tampered
1dqcce,1dqcce\c9szyfw_0.png,1dqcce\c9szyfw_0_mask.png,1,tampered
1dqcce,1dqcce\c9t18zw_0.jpg,1dqcce\c9t18zw_0_mask.png,1,tampered
1dqcce,1dqcce\c9t32sp_0.png,1dqcce\c9t32sp_0_mask.png,1,tampered
1dqcce,1dqcce\c9t5fpp_0.jpg,1dqcce\c9t5fpp_0_mask.png,1,tampered
1dqd7u,1dqd7u\1dqd7u_orig.jpg,,0,original
1dqd7u,1dqd7u\c9stktv_0.jpg,1dqd7u\c9stktv_0_mask.png,1,tampered
1dqd7u,1dqd7u\c9sujg5_0.jpg,1dqd7u\c9sujg5_0_mask.png,1,tampered
1dqd7u,1dqd7u\c9sut3r_0.jpg,1dqd7u\c9sut3r_0_mask.png,1,tampered
1dqd7u,1dqd7u\c9sv7jw_0.jpg,1dqd7u\c9sv7jw_0_mask.png,1,tampered
1dqd7u,1dqd7u\c9t11zo_0.jpg,1dqd7u\c9t11zo_0_mask.png,1,tampered
1dqg84,1dqg84\1dqg84_orig.jpg,,0,original
1dqg84,1dqg84\c9svxax_0.jpg,1dqg84\c9svxax_0_mask.png,1,tampered
1dqg84,1dqg84\c9swpes_0.jpg,1dqg84\c9swpes_0_mask.png,1,tampered
1dqg84,1dqg84\c9swxup_0.jpg,1dqg84\c9swxup_0_mask.png,1,tampered
1dqg84,1dqg84\c9sx6lo_0.jpg,1dqg84\c9sx6lo_0_mask.png,1,tampered
1dqg84,1dqg84\c9sx82c_0.jpg,1dqg84\c9sx82c_0_mask.png,1,tampered
1dqg84,1dqg84\c9sxsh2_0.jpg,1dqg84\c9sxsh2_0_mask.png,1,tampered
1dqg84,1dqg84\c9sxugb_0.jpg,1dqg84\c9sxugb_0_mask.png,1,tampered
1dqg84,1dqg84\c9sxwk6_0.png,1dqg84\c9sxwk6_0_mask.png,1,tampered
1dqg84,1dqg84\c9sxwtn_0.jpg,1dqg84\c9sxwtn_0_mask.png,1,tampered
1dqg84,1dqg84\c9syfrn_0.jpg,1dqg84\c9syfrn_0_mask.png,1,tampered
1dqg84,1dqg84\c9syx9t_0.jpg,1dqg84\c9syx9t_0_mask.png,1,tampered
1dqg84,1dqg84\c9sznzx_0.jpg,1dqg84\c9sznzx_0_mask.png,1,tampered
1dqg84,1dqg84\c9t0nzc_0.png,1dqg84\c9t0nzc_0_mask.png,1,tampered
1dqmdg,1dqmdg\1dqmdg_orig.jpg,,0,original
1dqmdg,1dqmdg\c9svxp7_0.png,1dqmdg\c9svxp7_0_mask.png,1,tampered
1dqtd8,1dqtd8\1dqtd8_orig.jpg,,0,original
1dqtd8,1dqtd8\c9sydmi_0.jpg,1dqtd8\c9sydmi_0_mask.png,1,tampered
1dqwyl,1dqwyl\1dqwyl_orig.jpg,,0,original
1dqwyl,1dqwyl\c9t2l1i_0.jpg,1dqwyl\c9t2l1i_0_mask.png,1,tampered
1dqwyl,1dqwyl\c9t4d4m_0.jpg,1dqwyl\c9t4d4m_0_mask.png,1,tampered
1dqwyl,1dqwyl\c9t4vnq_0.jpg,1dqwyl\c9t4vnq_0_mask.png,1,tampered
1dqwyl,1dqwyl\c9t57ny_0.jpg,1dqwyl\c9t57ny_0_mask.png,1,tampered
1dqwyl,1dqwyl\c9t5bpb_0.jpg,1dqwyl\c9t5bpb_0_mask.png,1,tampered
1dqwyl,1dqwyl\c9t5y36_0.jpg,1dqwyl\c9t5y36_0_mask.png,1,tampered
1dqwyl,1dqwyl\c9t6w7g_0.jpg,1dqwyl\c9t6w7g_0_mask.png,1,tampered
1dqwyl,1dqwyl\c9tc1u1_0.jpg,1dqwyl\c9tc1u1_0_mask.png,1,tampered
1drczk,1drczk\1drczk_orig.jpg,,0,original
1drczk,1drczk\c9t437l_0.jpg,1drczk\c9t437l_0_mask.png,1,tampered
1ds4ao,1ds4ao\1ds4ao_orig.jpg,,0,original
1ds4ao,1ds4ao\c9td4wy_0.jpg,1ds4ao\c9td4wy_0_mask.png,1,tampered
1ds4ao,1ds4ao\c9telos_0.jpg,1ds4ao\c9telos_0_mask.png,1,tampered
1ds4ao,1ds4ao\c9teyfk_0.jpg,1ds4ao\c9teyfk_0_mask.png,1,tampered
1ds4ao,1ds4ao\c9tgf50_0.png,1ds4ao\c9tgf50_0_mask.png,1,tampered
1ds4ao,1ds4ao\c9th08v_0.jpg,1ds4ao\c9th08v_0_mask.png,1,tampered
1ds4ao,1ds4ao\c9thhyx_0.jpg,1ds4ao\c9thhyx_0_mask.png,1,tampered
1dswqr,1dswqr\1dswqr_orig.jpg,,0,original
1dswqr,1dswqr\c9tm0rs_0.jpg,1dswqr\c9tm0rs_0_mask.png,1,tampered
1dtll6,1dtll6\1dtll6_orig.jpg,,0,original
1dtll6,1dtll6\c9trg08_0.jpg,1dtll6\c9trg08_0_mask.png,1,tampered
1dtll6,1dtll6\c9tz09a_0.jpg,1dtll6\c9tz09a_0_mask.png,1,tampered
1du8jo,1du8jo\1du8jo_orig.jpg,,0,original
1du8jo,1du8jo\c9tzpit_0.jpg,1du8jo\c9tzpit_0_mask.png,1,tampered
1du8jo,1du8jo\c9u4rvj_0.jpg,1du8jo\c9u4rvj_0_mask.png,1,tampered
1duja4,1duja4\1duja4_orig.jpg,,0,original
1duja4,1duja4\c9u17mo_0.jpg,1duja4\c9u17mo_0_mask.png,1,tampered
1duja4,1duja4\c9u4fdo_0.jpg,1duja4\c9u4fdo_0_mask.png,1,tampered
1duja4,1duja4\c9u8l4u_0.jpg,1duja4\c9u8l4u_0_mask.png,1,tampered
1duygu,1duygu\1duygu_orig.jpg,,0,original
1duygu,1duygu\c9u2w1w_0.png,1duygu\c9u2w1w_0_mask.png,1,tampered
1duygu,1duygu\c9u513b_0.jpg,1duygu\c9u513b_0_mask.png,1,tampered
1duygu,1duygu\c9u54ff_0.jpg,1duygu\c9u54ff_0_mask.png,1,tampered
1duygu,1duygu\c9u63t1_0.jpg,1duygu\c9u63t1_0_mask.png,1,tampered
1duygu,1duygu\c9u7myf_0.jpg,1duygu\c9u7myf_0_mask.png,1,tampered
1dv6ms,1dv6ms\1dv6ms_orig.jpg,,0,original
1dv6ms,1dv6ms\c9u5f90_0.jpg,1dv6ms\c9u5f90_0_mask.png,1,tampered
1dv6ms,1dv6ms\c9u5rax_0.jpg,1dv6ms\c9u5rax_0_mask.png,1,tampered
1dv6ms,1dv6ms\c9u6xhp_0.jpg,1dv6ms\c9u6xhp_0_mask.png,1,tampered
1dv6ms,1dv6ms\c9u8n2n_0.png,1dv6ms\c9u8n2n_0_mask.png,1,tampered
1dva5e,1dva5e\1dva5e_orig.jpg,,0,original
1dva5e,1dva5e\c9u6r0p_0.jpg,1dva5e\c9u6r0p_0_mask.png,1,tampered
1dva5e,1dva5e\c9u6sk6_0.jpg,1dva5e\c9u6sk6_0_mask.png,1,tampered
1dva5e,1dva5e\c9u6u6a_0.jpg,1dva5e\c9u6u6a_0_mask.png,1,tampered
1dva5e,1dva5e\c9u7cgz_0.jpg,1dva5e\c9u7cgz_0_mask.png,1,tampered
1dva5e,1dva5e\c9u8hhh_0.jpg,1dva5e\c9u8hhh_0_mask.png,1,tampered
1dva5e,1dva5e\c9uaypt_0.jpg,1dva5e\c9uaypt_0_mask.png,1,tampered
1dva5e,1dva5e\c9ucsmp_0.jpg,1dva5e\c9ucsmp_0_mask.png,1,tampered
1dva5e,1dva5e\c9uep5n_0.jpg,1dva5e\c9uep5n_0_mask.png,1,tampered
1dva5e,1dva5e\c9uj2fl_0.png,1dva5e\c9uj2fl_0_mask.png,1,tampered
1dvi1f,1dvi1f\1dvi1f_orig.jpg,,0,original
1dvi1f,1dvi1f\c9u8wpx_0.jpg,1dvi1f\c9u8wpx_0_mask.png,1,tampered
1dvi1f,1dvi1f\c9u90oo_0.jpg,1dvi1f\c9u90oo_0_mask.png,1,tampered
1dvi1f,1dvi1f\c9ua527_0.jpg,1dvi1f\c9ua527_0_mask.png,1,tampered
1dvi1f,1dvi1f\c9uanxz_0.jpg,1dvi1f\c9uanxz_0_mask.png,1,tampered
1dvi1f,1dvi1f\c9uaxgp_0.png,1dvi1f\c9uaxgp_0_mask.png,1,tampered
1dvi1f,1dvi1f\c9ub2de_0.jpg,1dvi1f\c9ub2de_0_mask.png,1,tampered
1dvi1f,1dvi1f\c9ub2k7_0.jpg,1dvi1f\c9ub2k7_0_mask.png,1,tampered
1dvi1f,1dvi1f\c9udub9_0.jpg,1dvi1f\c9udub9_0_mask.png,1,tampered
1dvi1f,1dvi1f\c9umoqv_0.jpg,1dvi1f\c9umoqv_0_mask.png,1,tampered
1dxfa0,1dxfa0\1dxfa0_orig.jpg,,0,original
1dxfa0,1dxfa0\c9urh6i_0.jpg,1dxfa0\c9urh6i_0_mask.png,1,tampered
1dxfa0,1dxfa0\c9urhu8_0.jpg,1dxfa0\c9urhu8_0_mask.png,1,tampered
1dxi3r,1dxi3r\1dxi3r_orig.jpg,,0,original
1dxi3r,1dxi3r\c9uti5t_0.jpg,1dxi3r\c9uti5t_0_mask.png,1,tampered
1dxi3r,1dxi3r\c9uud5o_0.png,1dxi3r\c9uud5o_0_mask.png,1,tampered
1dxi3r,1dxi3r\c9uudgq_0.jpg,1dxi3r\c9uudgq_0_mask.png,1,tampered
1dxi3r,1dxi3r\c9uuuw6_0.jpg,1dxi3r\c9uuuw6_0_mask.png,1,tampered
1dxi3r,1dxi3r\c9uv39w_0.png,1dxi3r\c9uv39w_0_mask.png,1,tampered
1dxi3r,1dxi3r\c9uv7su_0.jpg,1dxi3r\c9uv7su_0_mask.png,1,tampered
1dxi3r,1dxi3r\c9uvkos_0.jpg,1dxi3r\c9uvkos_0_mask.png,1,tampered
1dxi3r,1dxi3r\c9uvsh0_0.png,1dxi3r\c9uvsh0_0_mask.png,1,tampered
1dxi3r,1dxi3r\c9uwpsx_0.jpg,1dxi3r\c9uwpsx_0_mask.png,1,tampered
1dxi3r,1dxi3r\c9uwqce_0.jpg,1dxi3r\c9uwqce_0_mask.png,1,tampered
1dxi3r,1dxi3r\c9uwqsh_0.jpg,1dxi3r\c9uwqsh_0_mask.png,1,tampered
1dxi3r,1dxi3r\c9uwssv_0.jpg,1dxi3r\c9uwssv_0_mask.png,1,tampered
1dxi3r,1dxi3r\c9v219b_0.jpg,1dxi3r\c9v219b_0_mask.png,1,tampered
1dxi3r,1dxi3r\c9v2juf_0.jpg,1dxi3r\c9v2juf_0_mask.png,1,tampered
1dxi3r,1dxi3r\c9v4hpr_0.jpg,1dxi3r\c9v4hpr_0_mask.png,1,tampered
1dxi3r,1dxi3r\c9v4jj6_0.png,1dxi3r\c9v4jj6_0_mask.png,1,tampered
1dyeps,1dyeps\1dyeps_orig.jpg,,0,original
1dyeps,1dyeps\c9v35ql_0.jpg,1dyeps\c9v35ql_0_mask.png,1,tampered
1dyeps,1dyeps\c9v5ckc_0.jpg,1dyeps\c9v5ckc_0_mask.png,1,tampered
1dz63z,1dz63z\1dz63z_orig.jpg,,0,original
1dz63z,1dz63z\c9va3n9_0.jpg,1dz63z\c9va3n9_0_mask.png,1,tampered
1dz63z,1dz63z\c9vax7w_0.jpg,1dz63z\c9vax7w_0_mask.png,1,tampered
1dz63z,1dz63z\c9vb73a_0.jpg,1dz63z\c9vb73a_0_mask.png,1,tampered
1dz63z,1dz63z\c9vbhkz_0.jpg,1dz63z\c9vbhkz_0_mask.png,1,tampered
1dz63z,1dz63z\c9vbuxe_0.jpg,1dz63z\c9vbuxe_0_mask.png,1,tampered
1dz63z,1dz63z\c9vcuci_0.jpg,1dz63z\c9vcuci_0_mask.png,1,tampered
1dzfup,1dzfup\1dzfup_orig.jpg,,0,original
1dzfup,1dzfup\c9vc8b8_0.jpg,1dzfup\c9vc8b8_0_mask.png,1,tampered
1dzfup,1dzfup\c9ved2o_0.png,1dzfup\c9ved2o_0_mask.png,1,tampered
1dzfup,1dzfup\c9vftfw_0.jpg,1dzfup\c9vftfw_0_mask.png,1,tampered
1dzfup,1dzfup\c9vg2t9_0.jpg,1dzfup\c9vg2t9_0_mask.png,1,tampered
1dzfup,1dzfup\c9vhc8k_0.jpg,1dzfup\c9vhc8k_0_mask.png,1,tampered
1dzfup,1dzfup\c9vk8ni_0.jpg,1dzfup\c9vk8ni_0_mask.png,1,tampered
1dzfup,1dzfup\c9vl1l0_0.jpg,1dzfup\c9vl1l0_0_mask.png,1,tampered
1dzykv,1dzykv\1dzykv_orig.jpg,,0,original
1dzykv,1dzykv\c9vhnha_0.jpg,1dzykv\c9vhnha_0_mask.png,1,tampered
1dzykv,1dzykv\c9vljl0_0.jpg,1dzykv\c9vljl0_0_mask.png,1,tampered
1e0ffx,1e0ffx\1e0ffx_orig.jpg,,0,original
1e0ffx,1e0ffx\c9vmmk9_0.jpg,1e0ffx\c9vmmk9_0_mask.png,1,tampered
1e0zat,1e0zat\1e0zat_orig.jpg,,0,original
1e0zat,1e0zat\c9vwn43_0.jpg,1e0zat\c9vwn43_0_mask.png,1,tampered
1e2ic4,1e2ic4\1e2ic4_orig.jpg,,0,original
1e2ic4,1e2ic4\c9wa696_0.jpg,1e2ic4\c9wa696_0_mask.png,1,tampered
1e2n3i,1e2n3i\1e2n3i_orig.jpg,,0,original
1e2n3i,1e2n3i\c9w6rkl_0.jpg,1e2n3i\c9w6rkl_0_mask.png,1,tampered
1e2n3i,1e2n3i\c9w7716_0.jpg,1e2n3i\c9w7716_0_mask.png,1,tampered
1e2n3i,1e2n3i\c9w8w2m_0.jpg,1e2n3i\c9w8w2m_0_mask.png,1,tampered
1e2n3i,1e2n3i\c9w96uz_0.jpg,1e2n3i\c9w96uz_0_mask.png,1,tampered
1e2n3i,1e2n3i\c9way1w_0.jpg,1e2n3i\c9way1w_0_mask.png,1,tampered
1e2n3i,1e2n3i\c9wcfo6_0.jpg,1e2n3i\c9wcfo6_0_mask.png,1,tampered
1e2n3i,1e2n3i\c9wi5uo_0.png,1e2n3i\c9wi5uo_0_mask.png,1,tampered
1e5ofv,1e5ofv\1e5ofv_orig.jpg,,0,original
1e5ofv,1e5ofv\c9x7jrj_0.jpg,1e5ofv\c9x7jrj_0_mask.png,1,tampered
1e5qxb,1e5qxb\1e5qxb_orig.jpg,,0,original
1e5qxb,1e5qxb\c9x31z7_0.png,1e5qxb\c9x31z7_0_mask.png,1,tampered
1e5qxb,1e5qxb\c9x50xh_0.jpg,1e5qxb\c9x50xh_0_mask.png,1,tampered
1e6gw3,1e6gw3\1e6gw3_orig.jpg,,0,original
1e6gw3,1e6gw3\c9xa55l_0.jpg,1e6gw3\c9xa55l_0_mask.png,1,tampered
1e6tmo,1e6tmo\1e6tmo_orig.jpg,,0,original
1e6tmo,1e6tmo\c9xdfvu_0.jpg,1e6tmo\c9xdfvu_0_mask.png,1,tampered
1e6tmo,1e6tmo\c9xdmhf_0.jpg,1e6tmo\c9xdmhf_0_mask.png,1,tampered
1e6tmo,1e6tmo\c9xdp5v_0.jpg,1e6tmo\c9xdp5v_0_mask.png,1,tampered
1e6tmo,1e6tmo\c9xdu1a_0.png,1e6tmo\c9xdu1a_0_mask.png,1,tampered
1e6tmo,1e6tmo\c9xe80s_0.jpg,1e6tmo\c9xe80s_0_mask.png,1,tampered
1e6tmo,1e6tmo\c9xegom_0.png,1e6tmo\c9xegom_0_mask.png,1,tampered
1e6tmo,1e6tmo\c9xfdz5_0.jpg,1e6tmo\c9xfdz5_0_mask.png,1,tampered
1e6tmo,1e6tmo\c9xfmme_0.jpg,1e6tmo\c9xfmme_0_mask.png,1,tampered
1e6tmo,1e6tmo\c9xfzri_0.jpg,1e6tmo\c9xfzri_0_mask.png,1,tampered
1e6tmo,1e6tmo\c9xhn4w_0.jpg,1e6tmo\c9xhn4w_0_mask.png,1,tampered
1e6tmo,1e6tmo\c9xi6ts_0.jpg,1e6tmo\c9xi6ts_0_mask.png,1,tampered
1e6tmo,1e6tmo\c9xl2zu_0.jpg,1e6tmo\c9xl2zu_0_mask.png,1,tampered
1e6tmo,1e6tmo\c9xo089_0.jpg,1e6tmo\c9xo089_0_mask.png,1,tampered
1e6vy8,1e6vy8\1e6vy8_orig.jpg,,0,original
1e6vy8,1e6vy8\c9xgn8b_0.jpg,1e6vy8\c9xgn8b_0_mask.png,1,tampered
1e7hp5,1e7hp5\1e7hp5_orig.jpg,,0,original
1e7hp5,1e7hp5\c9xkpkx_0.jpg,1e7hp5\c9xkpkx_0_mask.png,1,tampered
z11,z11\00024_orig.jpg,,0,original
z11,z11\00024_fake.jpg,z11\00024_fake_mask.png,1,tampered
z13,z13\00028_orig.jpg,,0,original
z13,z13\00028_fake.jpg,z13\00028_fake_mask.png,1,tampered
z14,z14\00030_orig.jpg,,0,original
z14,z14\00030_fake.jpg,z14\00030_fake_mask.png,1,tampered
z15,z15\00031_orig.jpg,,0,original
z15,z15\00031_fake.jpg,z15\00031_fake_mask.png,1,tampered
z16,z16\00032_orig.jpg,,0,original
z16,z16\00032_fake.jpg,z16\00032_fake_mask.png,1,tampered
z17,z17\00035_orig.jpg,,0,original
z17,z17\00035_fake.jpg,z17\00035_fake_mask.png,1,tampered
z19,z19\00037_orig.jpg,,0,original
z19,z19\00037_fake.jpg,z19\00037_fake_mask.png,1,tampered
z2,z2\00006_orig.jpg,,0,original
z2,z2\00006_fake.jpg,z2\00006_fake_mask.png,1,tampered
z20,z20\00041_orig.jpg,,0,original
z20,z20\00041_fake.jpg,z20\00041_fake_mask.png,1,tampered
z22,z22\00047_orig.jpg,,0,original
z22,z22\00047_fake_01.jpg,z22\00047_fake_01_mask.png,1,tampered
z22,z22\00047_fake_02.jpg,z22\00047_fake_02_mask.png,1,tampered
z23,z23\00050_orig.jpg,,0,original
z23,z23\00050_fake.jpg,z23\00050_fake_mask.png,1,tampered
z24,z24\00056_orig.jpg,,0,original
z24,z24\00056_fake.jpg,z24\00056_fake_mask.png,1,tampered
z27,z27\00064_orig.jpg,,0,original
z27,z27\00064_fake.jpg,z27\00064_fake_mask.png,1,tampered
z28,z28\00065_orig.jpg,,0,original
z28,z28\00065_fake.jpg,z28\00065_fake_mask.png,1,tampered
z29,z29\00073_orig.jpg,,0,original
z29,z29\00073_fake.jpg,z29\00073_fake_mask.png,1,tampered
z3,z3\00009_orig.jpg,,0,original
z3,z3\00009_fake.jpg,z3\00009_fake_mask.png,1,tampered
z30,z30\00076_orig.jpg,,0,original
z30,z30\00076_fake.jpg,z30\00076_fake_mask.png,1,tampered
z31,z31\00079_orig.jpg,,0,original
z31,z31\00079_fake.jpg,z31\00079_fake_mask.png,1,tampered
z32,z32\00087_orig.jpg,,0,original
z32,z32\00087_fake.jpg,z32\00087_fake_mask.png,1,tampered
z37,z37\00097_orig.jpg,,0,original
z37,z37\00097_fake.jpg,z37\00097_fake_mask.png,1,tampered
z38,z38\00099_orig.jpg,,0,original
z38,z38\00099_fake.jpg,z38\00099_fake_mask.png,1,tampered
z4,z4\00010_orig.jpg,,0,original
z4,z4\00010_fake_01.jpg,z4\00010_fake_01_mask.png,1,tampered
z4,z4\00010_fake_02.png,z4\00010_fake_02_mask.png,1,tampered
z40,z40\00107_orig.jpg,,0,original
z40,z40\00107_fake.jpg,z40\00107_fake_mask.png,1,tampered
z7,z7\00015_orig.jpg,,0,original
z7,z7\00015_fake.jpg,z7\00015_fake_mask.png,1,tampered
z8,z8\00016_orig.jpg,,0,original
z8,z8\00016_fake.jpg,z8\00016_fake_mask.png,1,tampered
z9,z9\00018_orig.jpg,,0,original
z9,z9\00018_fake.jpg,z9\00018_fake_mask.png,1,tampered
